text_id	text_title	book_id	book_title	year
LEXI000000004281	Mechtild van Hackeborn: Liber specialis gratiae	TDRA000000003850	BRUSSEL, KB : 12079	1550
LEXI000000004281	Mechtild van Hackeborn: Liber specialis gratiae	TDRA000000006002	AMSTERDAM, BPH : ICN 158	1485
LEXI000000004507	Stimulus amoris, ongespecificeerd	TDRA000000007414	OSS, GA : z.s.	1460
LEXI000000021642	Ambrosius: In praeparatione ad missam, berijmd	TDRA000000006558	BRUGGE, GS : 72/175	1407
LEXI000000004281	Mechtild van Hackeborn: Liber specialis gratiae	TDRA000000004726	DARMSTADT, HLHB : 193	1490
LEXI000000004476	gebed tot de drievuldigheid uit Meditationum liber unus	TDRA000000001350	LEIDEN, UB : LTK 321	1525
LEXI000000004448	Augustinus	TDRA000000006172	WIESBADEN, HSA : 3004 B 10	1410
LEXI000000004750	Anselmus van Canterbury	TDRA000000002832	PARIJS, BN : Néerl. 35	1450
LEXI000000006942	gebedenkrans	TDRA000000001352	LEIDEN, UB : LTK 323	1475
LEXI000000006942	gebedenkrans	TDRA000000001352	LEIDEN, UB : LTK 323	1475
LEXI000000005105	Die dorne croene Ons Heeren	TDRA000000001346	LEIDEN, UB : LTK 317	1500
LEXI000000004281	Mechtild van Hackeborn: Liber specialis gratiae	TDRA000000005011	KEULEN, HA : W* 254	1450
LEXI000000007942	Vader danc ende lof soe moet ghi hebben	TDRA000000001350	LEIDEN, UB : LTK 321	1525
LEXI000000004522	Bernardus van Clairvaux	TDRA000000005830	Olim LÜBECK, SB : Theol. Germ. 94	1513
LEXI000000004448	Augustinus	TDRA000000004717	DARMSTADT, HLHB : 1876	1456
LEXI000000004522	Bernardus van Clairvaux	TDRA000000008128	TILBURG, UB : KHS 19	1564
LEXI000000004530	Gebeden tot de lijdenswerktuigen van Christus op naam van Gregorius	TDRA000000003363	'S-GRAVENHAGE, KB : 133 F 7	1450
LEXI000000004659	Gregorius de Grote	TDRA000000008148	ZÜRICH, ZB : Rh. 187	1450
LEXI000000004555	Bonaventura	TDRA000000006040	Olim LEUVEN, UB : D 380 (verloren)	1526
LEXI000000004522	Bernardus van Clairvaux	TDRA000000003703	BRUSSEL, KB : 3090	1550
LEXI000000006326	Leven van S. Amand	TDRA000000003952	BRUSSEL, KB : 19588	1450
LEXI000000004281	Mechtild van Hackeborn: Liber specialis gratiae	TDRA000000005222	'S-GRAVENHAGE, KB : 74 F 2	1481
LEXI000000006961	Ave tempel der Triniteit	TDRA000000001684	BRUSSEL, KB : IV 93	1433
LEXI000000004448	Augustinus	TDRA000000005388	MÜNCHEN, BSB : Cgm 864	1500
LEXI000000004522	Bernardus van Clairvaux	TDRA000000004386	LONDEN, BL : Add. 19917	1500
LEXI000000004448	Augustinus	TDRA000000005597	ANTWERPEN, SB : B 141155	1475
LEXI000000004472	Pro custodienta humilitate et cognitione humanae fragilitatis	TDRA000000005597	ANTWERPEN, SB : B 141155	1475
LEXI000000009166	korte getijden van het H. Kruis	TDRA000000003850	BRUSSEL, KB : 12079	1550
LEXI000000005127	Oratio de septem verbis Christi in cruce, in proza	TDRA000000001346	LEIDEN, UB : LTK 317	1500
LEXI000000022406	Eest drooghe eest nat // deus benedicat	TDRA000000004462	LONDEN, BL : Sloane 1174	1544
LEXI000000004530	Gebeden tot de lijdenswerktuigen van Christus op naam van Gregorius	TDRA000000007919	PHILADELPHIA, FL : XVIII.8	0
LEXI000000004148	Onze Vader	TDRA000000001353	LEIDEN, UB : LTK 324	1500
LEXI000000005180	Gebed tot alle heiligen	TDRA000000005492	CUIJK, SA : 27	1479
LEXI000000004876	Hubertinus de Casale	TDRA000000005966	PURMEREND, WA : MONNICKENDAM 155	1486
LEXI000000004750	Anselmus van Canterbury	TDRA000000006041	'S-GRAVENHAGE, KB : KA 37	1475
LEXI000000004448	Augustinus	TDRA000000005968	UTRECHT, UB : 5 J 27	1450
LEXI000000004281	Mechtild van Hackeborn: Liber specialis gratiae	TDRA000000004731	DARMSTADT, HLHB : 1936	1509
LEXI000000004649	het gebed Adore te	TDRA000000001346	LEIDEN, UB : LTK 317	1500
LEXI000000004750	Anselmus van Canterbury	TDRA000000007460	Olim LE ROY DU VIVIER (Munsterbilsen) : z.s.	1527
LEXI000000004522	Bernardus van Clairvaux	TDRA000000007281	Olim WIEDER (Noordwijk) : z.s.	1570
LEXI000000004448	Augustinus	TDRA000000005966	PURMEREND, WA : MONNICKENDAM 155	1486
LEXI000000004522	Bernardus van Clairvaux	TDRA000000008054	WIEGERSMA (Deurne) : z.s.	0
LEXI000000022255	Ave salus mundi	TDRA000000005671	BRUGGE, SB : 568	1450
LEXI000000004448	Augustinus	TDRA000000003671	BRUSSEL, KB : 2883	1450
LEXI000000004750	Anselmus van Canterbury	TDRA000000001375	LEIDEN, UB : LTK 349	1425
LEXI000000004750	Anselmus van Canterbury	TDRA000000005671	BRUGGE, SB : 568	1450
LEXI000000004522	Bernardus van Clairvaux	TDRA000000004617	KOPENHAGEN, KB : Thott 132 Oct.	1478
LEXI000000004184	Seghelijn van Jherusalem	TDRA000000003915	BRUSSEL, KB : 18270	1550
LEXI000000005214	Hugo van Sint-Victor	TDRA000000007281	Olim WIEDER (Noordwijk) : z.s.	1570
LEXI000000004522	Bernardus van Clairvaux	TDRA000000011080	JASPERS (Aerdenhout) : z.s.	1440
LEXI000000004522	Bernardus van Clairvaux	TDRA000000007460	Olim LE ROY DU VIVIER (Munsterbilsen) : z.s.	1527
LEXI000000004645	gebed Omnipotens sempiterne Deus, ecce accedo	TDRA000000001350	LEIDEN, UB : LTK 321	1525
LEXI000000005265	Franciscus van Assisi	TDRA000000004726	DARMSTADT, HLHB : 193	1490
LEXI000000004281	Mechtild van Hackeborn: Liber specialis gratiae	TDRA000000003805	BRUSSEL, KB : 10763-64	1550
LEXI000000005210	In praesentia corporis et sanguinis tui	TDRA000000001346	LEIDEN, UB : LTK 317	1500
LEXI000000004001	Bernardus van Clairvaux: Sermones super Cantica canticorum, ongespecificeerd	TDRA000000001477	LEIDEN, UB : LTK 1666	1450
LEXI000000004448	Augustinus	TDRA000000000505	UTRECHT, MCC : BMH 107	1512
LEXI000000004448	Augustinus	TDRA000000007744	HERENTALS, KLOOSTER : 1	1484
LEXI000000004448	Augustinus	TDRA000000003457	'S-GRAVENHAGE, KB : 73 G 29	1437
LEXI000000004751	Jean de Fécamp: Invoco te	TDRA000000001349	LEIDEN, UB : LTK 320	1512
LEXI000000009193	Brief aan Keizer Karel met gebed	TDRA000000007529	ASSEN, DA : Oldenhuis Gratama 929	1480
LEXI000000004652	Thomas van Aquino	TDRA000000001982	KEULEN, HA : W Sed. 39	0
LEXI000000004522	Bernardus van Clairvaux	TDRA000000004737	DARMSTADT, HLHB : 1903	1500
LEXI000000004281	Mechtild van Hackeborn: Liber specialis gratiae	TDRA000000005388	MÜNCHEN, BSB : Cgm 864	1500
LEXI000000004493	Miserere	TDRA000000001350	LEIDEN, UB : LTK 321	1525
LEXI000000022201	De zeven banden van Jezus	TDRA000000004299	CAMBRIDGE, FM : 270	1550
LEXI000000004522	Bernardus van Clairvaux	TDRA000000004728	DARMSTADT, HLHB : 1938	1520
LEXI000000005265	Franciscus van Assisi	TDRA000000002493	WENEN, ONB : 15229	1612
LEXI000000004281	Mechtild van Hackeborn: Liber specialis gratiae	TDRA000000007460	Olim LE ROY DU VIVIER (Munsterbilsen) : z.s.	1527
LEXI000000004103	Gregorius de Grote: Homiliae in evangelia	TDRA000000002755	'S-HEERENBERG, HB : 21	1465
LEXI000000004001	Bernardus van Clairvaux: Sermones super Cantica canticorum, ongespecificeerd	TDRA000000006071	AMSTERDAM, UB : V J 10	1465
LEXI000000004652	Thomas van Aquino	TDRA000000007259	LÜBECK, SB : Theol. Germ. 64	0
LEXI000000007685	Communiegebed , Ad te fontem  misericordiae	TDRA000000001346	LEIDEN, UB : LTK 317	1500
LEXI000000009162	lange getijden van het H. Kruis	TDRA000000011882	Olim SOTHEBY'S (Londen) : Cat. 1984-07-03, nr.89	1440
LEXI000000004469	Gebed op naam van Augustinus bij de zeven boetpsalmen	TDRA000000001346	LEIDEN, UB : LTK 317	1500
LEXI000000021687	Sente Goedele reine maget	TDRA000000005898	BRUSSEL, KB : 15589-623	1406
LEXI000000009163	getijden van de Heilige Geest	TDRA000000002036	BOEDAPEST, OSK : Holl. 6	1505
LEXI000000021537	Gulden zielen troest	TDRA000000009088	LEUVEN, UB : 6	1487
LEXI000000004522	Bernardus van Clairvaux	TDRA000000001326	LEIDEN, UB : LTK 294	1487
LEXI000000004031	Henricus Suso: Horologium aeternae sapientiae	TDRA000000000484	UTRECHT, MCC : BMH 64	1456
LEXI000000007938	Gulden gebed voor de overledenen	TDRA000000001350	LEIDEN, UB : LTK 321	1525
LEXI000000004029	Büchlein der ewigen Weisheit	TDRA000000003420	'S-GRAVENHAGE, KB : 133 F 15	1475
LEXI000000004448	Augustinus	TDRA000000007522	BRUSSEL, KB : IV 199	1450
LEXI000000004530	Gebeden tot de lijdenswerktuigen van Christus op naam van Gregorius	TDRA000000001346	LEIDEN, UB : LTK 317	1500
LEXI000000004448	Augustinus	TDRA000000002836	PARIJS, BN : Néerl. 40	1550
LEXI000000003936	De grote Der sielen troest	TDRA000000000867	LEIDEN, UB : LTK 226	1462
LEXI000000004750	Anselmus van Canterbury	TDRA000000000565	ROTTERDAM, GB : 96 F 6	1500
LEXI000000004522	Bernardus van Clairvaux	TDRA000000007281	Olim WIEDER (Noordwijk) : z.s.	1570
LEXI000000004448	Augustinus	TDRA000000004012	BRUSSEL, KB : II 278	1475
LEXI000000004448	Augustinus	TDRA000000007736	DOWAAI, BM : 1175	1475
LEXI000000004281	Mechtild van Hackeborn: Liber specialis gratiae	TDRA000000002708	'S-GRAVENHAGE, KB : 72 J 8	1437
LEXI000000004902	Hieronymus	TDRA000000005388	MÜNCHEN, BSB : Cgm 864	1500
LEXI000000004902	Hieronymus	TDRA000000007280	RIJSEL, BM : Olim 62	1450
LEXI000000021802	Ave preclara maris stella	TDRA000000010393	TRIER, BA : s.o.	1450
LEXI000000004448	Augustinus	TDRA000000003829	BRUSSEL, KB : 11231-36	1525
LEXI000000004522	Bernardus van Clairvaux	TDRA000000007920	RIJSEL, BM : Olim 68	1450
LEXI000000004281	Mechtild van Hackeborn: Liber specialis gratiae	TDRA000000000482	UTRECHT, MCC : BMH 62	1450
LEXI000000004448	Augustinus	TDRA000000001350	LEIDEN, UB : LTK 321	1525
LEXI000000003936	De grote Der sielen troest	TDRA000000004681	NEW YORK, PML : M. 76	1450
LEXI000000004812	Arnulf van Leuven: Salve meum salutare	TDRA000000004533	LONDEN, BL : Burney 338	1487
LEXI000000004448	Augustinus	TDRA000000004974	UTRECHT, MCC : ABM 38	1450
LEXI000000004522	Bernardus van Clairvaux	TDRA000000003986	BRUSSEL, KB : 21953	1475
LEXI000000004448	Augustinus	TDRA000000000505	UTRECHT, MCC : BMH 107	1512
LEXI000000004522	Bernardus van Clairvaux	TDRA000000000506	UTRECHT, MCC : BMH 108	1512
LEXI000000004281	Mechtild van Hackeborn: Liber specialis gratiae	TDRA000000001381	LEIDEN, UB : LTK 356	1475
LEXI000000007604	O nuda humanitas	TDRA000000007603	BOSTON, PL : q. Med. 33	1475
LEXI000000004522	Bernardus van Clairvaux	TDRA000000007405	ROME, BAV : Vat. Lat. 9216	1450
LEXI000000004522	Bernardus van Clairvaux	TDRA000000004634	KOPENHAGEN, KB : NKS 1031 Oct.	1480
LEXI000000007942	Vader danc ende lof soe moet ghi hebben	TDRA000000001354	LEIDEN, UB : LTK 325	1525
LEXI000000004522	Bernardus van Clairvaux	TDRA000000001772	BRUSSEL, KB : IV 414	1460
LEXI000000021634	Juste judex Jhesu Criste	TDRA000000003672	BRUSSEL, KB : 2905-09	1425
LEXI000000004448	Augustinus	TDRA000000005597	ANTWERPEN, SB : B 141155	1475
LEXI000000021392	Lof eere glorie van tije tot tyen	TDRA000000004462	LONDEN, BL : Sloane 1174	1544
LEXI000000021682	stokregel Lof alder zuverste gods tresorie	TDRA000000009370	'S-GRAVENHAGE, KB : 71 E 57	1584
LEXI000000004036	de Revelationes caelestes van Birgitta van Zweden	TDRA000000005083	UDEN, BMR : H Bn 4	1600
LEXI000000004583	Alanus de Rupe: Psalterium Virginis Mariae	TDRA000000015506	Olim MULLER (Amsterdam) : Cat. 1906-04-3/6, nr. 37	1512
LEXI000000004281	Mechtild van Hackeborn: Liber specialis gratiae	TDRA000000004534	LONDEN, BL : Burney 339	0
LEXI000000004281	Mechtild van Hackeborn: Liber specialis gratiae	TDRA000000003822	BRUSSEL, KB : 11171	1450
LEXI000000022562	Mnl. bewerking van Adolf van Essen: Rosengertelin	TDRA000000004724	DARMSTADT, HLHB : 992	1496
LEXI000000004555	Bonaventura	TDRA000000007976	VAN DER LANDE (Diepenveen) : z.s.	0
LEXI000000021630	Christina nobilissimis parentibus orta in Tyro Italiae	TDRA000000004431	LONDEN, BL : Add. 39638	1445
LEXI000000004281	Mechtild van Hackeborn: Liber specialis gratiae	TDRA000000001333	LEIDEN, UB : LTK 301	1525
LEXI000000004522	Bernardus van Clairvaux	TDRA000000005740	LUIK, UB : Wittert 32	1440
LEXI000000004281	Mechtild van Hackeborn: Liber specialis gratiae	TDRA000000003982	BRUSSEL, KB : 21893	1482
LEXI000000004750	Anselmus van Canterbury	TDRA000000005388	MÜNCHEN, BSB : Cgm 864	1500
LEXI000000004583	Alanus de Rupe: Psalterium Virginis Mariae	TDRA000000001353	LEIDEN, UB : LTK 324	1500
LEXI000000004522	Bernardus van Clairvaux	TDRA000000000556	ROTTERDAM, GB : 96 G 12	1422
LEXI000000004659	Gregorius de Grote	TDRA000000006022	ZÜRICH, ZB : C 137	1470
LEXI000000022623	Gebed tegen de pest op naam van paus Clemens	TDRA000000005597	ANTWERPEN, SB : B 141155	1475
LEXI000000004659	Gregorius de Grote	TDRA000000003992	BRUSSEL, KB : 21975	1550
LEXI000000022623	Gebed tegen de pest op naam van paus Clemens	TDRA000000003829	BRUSSEL, KB : 11231-36	1525
LEXI000000005097	Jean de Fécamp: Summe sacerdos et vere pontifex	TDRA000000005376	MÜNCHEN, BSB : Cgm 160	1487
LEXI000000004448	Augustinus	TDRA000000005597	ANTWERPEN, SB : B 141155	1475
LEXI000000021685	Maria vrouwe edel maghet	TDRA000000005898	BRUSSEL, KB : 15589-623	1406
LEXI000000004448	Augustinus	TDRA000000008021	LINCOLN, CCL : 301	1475
LEXI000000004522	Bernardus van Clairvaux	TDRA000000001156	UTRECHT, UB : Cat. 1031	1450
LEXI000000006326	Leven van S. Amand	TDRA000000003952	BRUSSEL, KB : 19588	1450
LEXI000000004448	Augustinus	TDRA000000003986	BRUSSEL, KB : 21953	1475
LEXI000000004522	Bernardus van Clairvaux	TDRA000000001156	UTRECHT, UB : Cat. 1031	1450
LEXI000000004281	Mechtild van Hackeborn: Liber specialis gratiae	TDRA000000006034	KARLSRUHE, BLB : 1307	1450
LEXI000000004464	Gebed op naam van Augustinus op zijn sterfbed	TDRA000000002184	LEIPZIG, UB : 1658	0
LEXI000000004448	Augustinus	TDRA000000006558	BRUGGE, GS : 72/175	1407
LEXI000000004522	Bernardus van Clairvaux	TDRA000000003839	BRUSSEL, KB : 11795	1450
LEXI000000004448	Augustinus	TDRA000000005597	ANTWERPEN, SB : B 141155	1475
LEXI000000004448	Augustinus	TDRA000000013233	EMDEN, GK : Qu. 76	1480
LEXI000000004448	Augustinus	TDRA000000005388	MÜNCHEN, BSB : Cgm 864	1500
LEXI000000004522	Bernardus van Clairvaux	TDRA000000006022	ZÜRICH, ZB : C 137	1470
LEXI000000005105	Die dorne croene Ons Heeren	TDRA000000005597	ANTWERPEN, SB : B 141155	1475
LEXI000000004522	Bernardus van Clairvaux	TDRA000000000550	ROTTERDAM, GB : 96 E 4	1375
LEXI000000004522	Bernardus van Clairvaux	TDRA000000005671	BRUGGE, SB : 568	1450
LEXI000000006942	gebedenkrans	TDRA000000001352	LEIDEN, UB : LTK 323	1475
LEXI000000004522	Bernardus van Clairvaux	TDRA000000004633	KOPENHAGEN, KB : NKS 43 Oct.	1450
LEXI000000004281	Mechtild van Hackeborn: Liber specialis gratiae	TDRA000000007456	Olim NIJHOFF ('s-Gravenhage) : 3 (BNM)	1535
LEXI000000004184	Seghelijn van Jherusalem	TDRA000000005898	BRUSSEL, KB : 15589-623	1406
LEXI000000004876	Hubertinus de Casale	TDRA000000000526	TILBURG, UB : KHS 11	1487
LEXI000000021652	Christus et sanctus Johannes, berijmd	TDRA000000003952	BRUSSEL, KB : 19588	1450
LEXI000000022415	Warimont, Petrus	TDRA000000012440	EUGENE, BC : 18	1484
LEXI000000004522	Bernardus van Clairvaux	TDRA000000003986	BRUSSEL, KB : 21953	1475
LEXI000000004522	Bernardus van Clairvaux	TDRA000000005849	WEERT, GM : CMW 31	1487
LEXI000000003329	Eerste evangeliënharmonie samengesteld uit Johan Scutken: Noordnederlandse vertaling van Nieuwe Testament	TDRA000000001600	DEVENTER, SAB : Hs. I, 24 (101 E 15 KL)	1505
LEXI000000021163	Sulvenite sancti Dei, occurite angeli Domini	TDRA000000004006	BRUSSEL, KB : II 166	1510
LEXI000000004522	Bernardus van Clairvaux	TDRA000000007281	Olim WIEDER (Noordwijk) : z.s.	1570
LEXI000000004882	Gregorius XI: Gebed tot de vijf wonden van Christus	TDRA000000001346	LEIDEN, UB : LTK 317	1500
LEXI000000004522	Bernardus van Clairvaux	TDRA000000007923	RIJSEL, BM : 43	1450
LEXI000000004750	Anselmus van Canterbury	TDRA000000000497	UTRECHT, MCC : BMH 98	1500
LEXI000000005211	Ambrosius	TDRA000000000362	NIJMEGEN, UB : 313	1450
LEXI000000005265	Franciscus van Assisi	TDRA000000002557	WEIMAR, HAAB : Oct. 81	1512
LEXI000000021537	Gulden zielen troest	TDRA000000009088	LEUVEN, UB : 6	1487
LEXI000000004522	Bernardus van Clairvaux	TDRA000000001352	LEIDEN, UB : LTK 323	1475
LEXI000000004555	Bonaventura	TDRA000000006074	WESTMALLE, TRAPPISTEN : Liturgia A 15	1487
LEXI000000004522	Bernardus van Clairvaux	TDRA000000003364	'S-GRAVENHAGE, KB : 133 E 26	1475
LEXI000000004448	Augustinus	TDRA000000002641	'S-GRAVENHAGE, KB : 135 E 18	1480
LEXI000000004281	Mechtild van Hackeborn: Liber specialis gratiae	TDRA000000001346	LEIDEN, UB : LTK 317	1500
LEXI000000022408	Lof God van desen als u belieft salt beter wesen	TDRA000000004462	LONDEN, BL : Sloane 1174	1544
LEXI000000004448	Augustinus	TDRA000000001350	LEIDEN, UB : LTK 321	1525
LEXI000000004448	Augustinus	TDRA000000004727	DARMSTADT, HLHB : 1888	1520
LEXI000000004049	Otto van Passau: Die vierundzwanzig Alten	TDRA000000001696	BRUSSEL, KB : IV 195	1512
LEXI000000004522	Bernardus van Clairvaux	TDRA000000004974	UTRECHT, MCC : ABM 38	1450
LEXI000000004659	Gregorius de Grote	TDRA000000008151	Olim MAASTRICHT, MINDERBROEDERS : 2	1425
LEXI000000004281	Mechtild van Hackeborn: Liber specialis gratiae	TDRA000000005141	AMSTERDAM, UB : VIII D 26	1467
LEXI000000003633	Die clausule van der Bible	TDRA000000003915	BRUSSEL, KB : 18270	1550
LEXI000000005211	Ambrosius	TDRA000000007407	UDEN, MRK : s.o.	1530
LEXI000000004448	Augustinus	TDRA000000006030	JERNBECK (Stockholm) : z.s.	1530
LEXI000000023071	Drieëndertig vermaningen aan Jezus	TDRA000000009233	LEIDEN, UB : LTK 2220	1490
LEXI000000004448	Augustinus	TDRA000000000563	ROTTERDAM, GB : 96 E 7	1490
LEXI000000007604	O nuda humanitas	TDRA000000011794	CHICAGO, NL : 61	1471
LEXI000000004281	Mechtild van Hackeborn: Liber specialis gratiae	TDRA000000002521	SINT-PETERSBURG, BSS : Goll. O.I, 2	1470
LEXI000000003936	De grote Der sielen troest	TDRA000000004681	NEW YORK, PML : M. 76	1450
LEXI000000003878	Die rolie vander woedegher minnen	TDRA000000005724	KAAPSTAD, NLSA : Grey 3 c 4	1450
LEXI000000004281	Mechtild van Hackeborn: Liber specialis gratiae	TDRA000000005270	TILBURG, TF : TFK HS 9	1450
LEXI000000004659	Gregorius de Grote	TDRA000000001326	LEIDEN, UB : LTK 294	1487
LEXI000000004448	Augustinus	TDRA000000002173	KRAKOW, MN : Czart. 2943	1415
LEXI000000006942	gebedenkrans	TDRA000000001352	LEIDEN, UB : LTK 323	1475
LEXI000000004750	Anselmus van Canterbury	TDRA000000007290	SINT-TRUIDEN, IFG : B 66	0
LEXI000000004435	Sinte Augustinus suchtinge	TDRA000000002269	AMSTERDAM, UB : I G 28	1490
LEXI000000004281	Mechtild van Hackeborn: Liber specialis gratiae	TDRA000000006017	UTRECHT, MCC : s.o.	1545
LEXI000000004448	Augustinus	TDRA000000007259	LÜBECK, SB : Theol. Germ. 64	0
LEXI000000004555	Bonaventura	TDRA000000002188	SINT-PETERSBURG, BAN : O 255	1525
LEXI000000004522	Bernardus van Clairvaux	TDRA000000006259	Olim LEUVEN, UB : G 70 (verloren)	1487
LEXI000000004522	Bernardus van Clairvaux	TDRA000000003063	BERLIJN, SBB-PK : Germ. Oct. 588	1462
LEXI000000004281	Mechtild van Hackeborn: Liber specialis gratiae	TDRA000000001350	LEIDEN, UB : LTK 321	1525
LEXI000000004659	Gregorius de Grote	TDRA000000004379	LONDEN, BL : Add. 17445	0
LEXI000000004448	Augustinus	TDRA000000007482	PARIJS, BG : 3391	1465
LEXI000000004881	Gebed tot Christus en Zijn wonden op naam van Gregorius de Grote	TDRA000000001346	LEIDEN, UB : LTK 317	1500
LEXI000000004522	Bernardus van Clairvaux	TDRA000000006028	BRYN MAWR, BMC : z.s.	1487
LEXI000000004659	Gregorius de Grote	TDRA000000006040	Olim LEUVEN, UB : D 380 (verloren)	1526
LEXI000000021653	Ave mundi spes Maria, berijmd	TDRA000000006236	LEUVEN, UB : 2	1430
LEXI000000004522	Bernardus van Clairvaux	TDRA000000005142	AMSTERDAM, UB : XV E 21	1475
LEXI000000009193	Brief aan Keizer Karel met gebed	TDRA000000005740	LUIK, UB : Wittert 32	1440
LEXI000000004281	Mechtild van Hackeborn: Liber specialis gratiae	TDRA000000002852	PARIJS, BN : Néerl. 108	1450
LEXI000000004750	Anselmus van Canterbury	TDRA000000005966	PURMEREND, WA : MONNICKENDAM 155	1486
LEXI000000009161	de getijden van S. Maria	TDRA000000011882	Olim SOTHEBY'S (Londen) : Cat. 1984-07-03, nr.89	1440
LEXI000000004522	Bernardus van Clairvaux	TDRA000000015758	Olim NIEUWENHUYZEN : Cat. 1861, nr. 12	0
LEXI000000021686	Glorieuse virge reigne	TDRA000000005915	BRUSSEL, KB : IV 1248	1455
LEXI000000004522	Bernardus van Clairvaux	TDRA000000001326	LEIDEN, UB : LTK 294	1487
LEXI000000006453	vreugden van S. Maria	TDRA000000001352	LEIDEN, UB : LTK 323	1475
LEXI000000004882	Gregorius XI: Gebed tot de vijf wonden van Christus	TDRA000000000506	UTRECHT, MCC : BMH 108	1512
LEXI000000004522	Bernardus van Clairvaux	TDRA000000004508	LONDEN, BL : Harley 2850	1475
LEXI000000004522	Bernardus van Clairvaux	TDRA000000013233	EMDEN, GK : Qu. 76	1480
LEXI000000004448	Augustinus	TDRA000000005973	Olim DE BOM (Antwerpen) : 2	1525
LEXI000000004281	Mechtild van Hackeborn: Liber specialis gratiae	TDRA000000006494	AVERBODE, NA : Sectie IV, nr.317	1450
LEXI000000007604	O nuda humanitas	TDRA000000003852	BRUSSEL, KB : 12081	1487
LEXI000000004448	Augustinus	TDRA000000004950	UTRECHT, MCC : ABM 14	0
LEXI000000004522	Bernardus van Clairvaux	TDRA000000000359	NIJMEGEN, UB : 310	1516
LEXI000000004522	Bernardus van Clairvaux	TDRA000000007460	Olim LE ROY DU VIVIER (Munsterbilsen) : z.s.	1527
LEXI000000006064	Oratio sancti Hieronymi pro custodia diei sequentis	TDRA000000001205	UTRECHT, UB : Cat. 1691	1425
LEXI000000006961	Ave tempel der Triniteit	TDRA000000005898	BRUSSEL, KB : 15589-623	1406
LEXI000000004281	Mechtild van Hackeborn: Liber specialis gratiae	TDRA000000004626	KOPENHAGEN, KB : GKS 3422 Oct.	0
LEXI000000004448	Augustinus	TDRA000000003354	'S-GRAVENHAGE, KB : 133 F 20	1475
LEXI000000004555	Bonaventura	TDRA000000003017	BERLIJN, SBB-PK : Germ. Oct. 141	1465
LEXI000000004522	Bernardus van Clairvaux	TDRA000000003387	'S-GRAVENHAGE, KB : 133 F 9	1500
LEXI000000004902	Hieronymus	TDRA000000005597	ANTWERPEN, SB : B 141155	1475
LEXI000000005127	Oratio de septem verbis Christi in cruce, in proza	TDRA000000001872	BRUSSEL, KB : IV 1074	0
LEXI000000007269	Groeten tot Maria	TDRA000000003952	BRUSSEL, KB : 19588	1450
LEXI000000004448	Augustinus	TDRA000000005597	ANTWERPEN, SB : B 141155	1475
LEXI000000004448	Augustinus	TDRA000000002596	ANTWERPEN, MPM : M. 14.18	1450
LEXI000000006435	droefheden van Maria	TDRA000000001352	LEIDEN, UB : LTK 323	1475
LEXI000000004652	Thomas van Aquino	TDRA000000005992	KASSEL, UB-LMB : Theol. Oct. 15	0
LEXI000000004522	Bernardus van Clairvaux	TDRA000000004726	DARMSTADT, HLHB : 193	1490
LEXI000000007937	O Afgront alre goetheit	TDRA000000001349	LEIDEN, UB : LTK 320	1512
LEXI000000004335	Salve misericordia Maria, aurora fulgens, stella matutina	TDRA000000005386	MÜNCHEN, BSB : Cgm 849	1525
LEXI000000004281	Mechtild van Hackeborn: Liber specialis gratiae	TDRA000000005597	ANTWERPEN, SB : B 141155	1475
LEXI000000004484	Leven van Henricus Suso	TDRA000000006259	Olim LEUVEN, UB : G 70 (verloren)	1487
LEXI000000004073	Een onderscheit van cleynmoedicheit ende van wanhopen	TDRA000000002940	BERLIJN, SBB-PK : Germ. Qu. 818	0
LEXI000000004448	Augustinus	TDRA000000004299	CAMBRIDGE, FM : 270	1550
LEXI000000004659	Gregorius de Grote	TDRA000000008150	KRAKOW, MN : Czart. 2947	1525
LEXI000000004522	Bernardus van Clairvaux	TDRA000000005634	MAASTRICHT, RHCL : 22.001 hss. GAM 462	1515
LEXI000000006701	O Martelie groot O wonden diep	TDRA000000006271	Olim LEUVEN, UB : G 93 (verloren)	0
LEXI000000004281	Mechtild van Hackeborn: Liber specialis gratiae	TDRA000000002708	'S-GRAVENHAGE, KB : 72 J 8	1437
LEXI000000004522	Bernardus van Clairvaux	TDRA000000006002	AMSTERDAM, BPH : ICN 158	1485
LEXI000000005386	Johannes Gerson	TDRA000000000568	ROTTERDAM, GB : 96 E 19	1540
LEXI000000004522	Bernardus van Clairvaux	TDRA000000004267	WEERT, GM : CMW 5	1470
LEXI000000004507	Stimulus amoris, ongespecificeerd	TDRA000000002243	AMSTERDAM, UB : I G 34	1512
LEXI000000004281	Mechtild van Hackeborn: Liber specialis gratiae	TDRA000000003849	BRUSSEL, KB : 12078	1496
LEXI000000004474	Gebed voor de communie ontleend aan het Manuale	TDRA000000001346	LEIDEN, UB : LTK 317	1500
LEXI000000004448	Augustinus	TDRA000000007280	RIJSEL, BM : Olim 62	1450
LEXI000000005152	Beda Venerabilis	TDRA000000006030	JERNBECK (Stockholm) : z.s.	1530
LEXI000000005271	O leven der armen, o lichte inder duysternis	TDRA000000005583	HAMBURG, SUB : Theol. 2058	1487
LEXI000000004448	Augustinus	TDRA000000005980	BURGSTEINFURT, FBS : B 41	1480
LEXI000000004812	Arnulf van Leuven: Salve meum salutare	TDRA000000004239	CAMBRIDGE, UL : Add. 2876	1480
LEXI000000004957	Leven van Jezus van Jan Brugman	TDRA000000003150	'S-GRAVENHAGE, KB : 135 E 4	0
LEXI000000005198	O here Jhesu Criste, lof si dijnre onsprekeliker minnentliker goedertierenheit	TDRA000000001346	LEIDEN, UB : LTK 317	1500
LEXI000000004522	Bernardus van Clairvaux	TDRA000000000291	GENT, UB : 2364	1450
LEXI000000007149	Gebed tot de schouderwonde van Jezus	TDRA000000001346	LEIDEN, UB : LTK 317	1500
LEXI000000005214	Hugo van Sint-Victor	TDRA000000001381	LEIDEN, UB : LTK 356	1475
LEXI000000004522	Bernardus van Clairvaux	TDRA000000006020	WÜRZBURG, UB : M.ch.q. 144	1479
LEXI000000004281	Mechtild van Hackeborn: Liber specialis gratiae	TDRA000000003691	BRUSSEL, KB : 3040	1450
LEXI000000004812	Arnulf van Leuven: Salve meum salutare	TDRA000000002281	AMSTERDAM, UB : I F 30	1502
LEXI000000004281	Mechtild van Hackeborn: Liber specialis gratiae	TDRA000000004143	BRUSSEL, KB : IV 113	1450
LEXI000000004750	Anselmus van Canterbury	TDRA000000004617	KOPENHAGEN, KB : Thott 132 Oct.	1478
LEXI000000003324	de psalmen en cantica in de standaardredactie van de Moderne Devotie	TDRA000000008263	LEIDEN, UB : BPL 2557: 3	1387
LEXI000000004448	Augustinus	TDRA000000000371	NIJMEGEN, UB : 323	1553
LEXI000000005059	Sacrosanctae	TDRA000000004575	STUTTGART, WLB : Brev. 18	1450
LEXI000000004448	Augustinus	TDRA000000000582	ROTTERDAM, GB : 96 F 4	1505
LEXI000000004281	Mechtild van Hackeborn: Liber specialis gratiae	TDRA000000000475	UTRECHT, MCC : BMH 55	1457
LEXI000000005386	Johannes Gerson	TDRA000000007519	Olim NIJHOFF ('s-Gravenhage) : 4 (BNM)	1527
LEXI000000004448	Augustinus	TDRA000000007740	VAN DER LANDE (Diepenveen) : z.s.	1550
LEXI000000004522	Bernardus van Clairvaux	TDRA000000008117	Olim STERCK (Aerdenhout) : 9	1600
LEXI000000004448	Augustinus	TDRA000000003365	'S-GRAVENHAGE, KB : 133 H 1	1475
LEXI000000004448	Augustinus	TDRA000000000864	LEIDEN, UB : LTK 223	1503
LEXI000000004659	Gregorius de Grote	TDRA000000009443	LÜBECK, SB : Theol. Germ. 42	1475
LEXI000000004652	Thomas van Aquino	TDRA000000006017	UTRECHT, MCC : s.o.	1545
LEXI000000004522	Bernardus van Clairvaux	TDRA000000003991	BRUSSEL, KB : 22012	1552
LEXI000000004281	Mechtild van Hackeborn: Liber specialis gratiae	TDRA000000003931	BRUSSEL, KB : 19551	1450
LEXI000000004522	Bernardus van Clairvaux	TDRA000000007280	RIJSEL, BM : Olim 62	1450
LEXI000000004522	Bernardus van Clairvaux	TDRA000000008110	LEIDEN, UB : BPL 3349	1475
LEXI000000009193	Brief aan Keizer Karel met gebed	TDRA000000003805	BRUSSEL, KB : 10763-64	1550
LEXI000000004522	Bernardus van Clairvaux	TDRA000000002046	DRESDEN, SL : M 291	1500
LEXI000000004522	Bernardus van Clairvaux	TDRA000000004726	DARMSTADT, HLHB : 193	1490
LEXI000000004448	Augustinus	TDRA000000009084	SAN MARINO, HL : HM 1127	1475
LEXI000000004281	Mechtild van Hackeborn: Liber specialis gratiae	TDRA000000000552	ROTTERDAM, GB : 96 G 8	1457
LEXI000000006745	O Scepper alre creatueren	TDRA000000000570	ROTTERDAM, GB : 96 G 10	1560
LEXI000000005214	Hugo van Sint-Victor	TDRA000000000563	ROTTERDAM, GB : 96 E 7	1490
LEXI000000004448	Augustinus	TDRA000000005966	PURMEREND, WA : MONNICKENDAM 155	1486
LEXI000000004281	Mechtild van Hackeborn: Liber specialis gratiae	TDRA000000006259	Olim LEUVEN, UB : G 70 (verloren)	1487
LEXI000000004659	Gregorius de Grote	TDRA000000007456	Olim NIJHOFF ('s-Gravenhage) : 3 (BNM)	1535
LEXI000000004750	Anselmus van Canterbury	TDRA000000004904	KEULEN, HA : GB Oct. 71	1470
LEXI000000003787	Vita Christi	TDRA000000008802	BRUGGE, SB : 673	1480
LEXI000000004333	Illumina oculos meos	TDRA000000001346	LEIDEN, UB : LTK 317	1500
LEXI000000004448	Augustinus	TDRA000000000566	ROTTERDAM, GB : 96 E 12	1515
LEXI000000003958	Jacobus de Voragine: Legenda aurea, ongespecificeerd	TDRA000000005363	MÜNCHEN, BSB : Cgm 83	1435
LEXI000000004448	Augustinus	TDRA000000001335	LEIDEN, UB : LTK 303	1525
LEXI000000004281	Mechtild van Hackeborn: Liber specialis gratiae	TDRA000000005019	KEULEN, HA : W* 25	1487
LEXI000000004448	Augustinus	TDRA000000004732	DARMSTADT, HLHB : 189	1500
LEXI000000004902	Hieronymus	TDRA000000005388	MÜNCHEN, BSB : Cgm 864	1500
LEXI000000004448	Augustinus	TDRA000000006017	UTRECHT, MCC : s.o.	1545
LEXI000000004448	Augustinus	TDRA000000005597	ANTWERPEN, SB : B 141155	1475
LEXI000000004583	Alanus de Rupe: Psalterium Virginis Mariae	TDRA000000003776	BRUSSEL, KB : 5620-25	1550
LEXI000000005652	Thomas a Kempis: Orationes et meditationes de vita Christi	TDRA000000001381	LEIDEN, UB : LTK 356	1475
LEXI000000022623	Gebed tegen de pest op naam van paus Clemens	TDRA000000005388	MÜNCHEN, BSB : Cgm 864	1500
LEXI000000004448	Augustinus	TDRA000000008267	CHARLEROI, SAP : s.o.	0
LEXI000000004281	Mechtild van Hackeborn: Liber specialis gratiae	TDRA000000006259	Olim LEUVEN, UB : G 70 (verloren)	1487
LEXI000000006237	Precor te amantissime Domine Jesu Christi propter eximiam caritatem	TDRA000000000584	ROTTERDAM, GB : 96 G 3	1487
LEXI000000004750	Anselmus van Canterbury	TDRA000000007976	VAN DER LANDE (Diepenveen) : z.s.	0
LEXI000000009162	lange getijden van het H. Kruis	TDRA000000003828	BRUSSEL, KB : 11223	1450
LEXI000000004812	Arnulf van Leuven: Salve meum salutare	TDRA000000004129	BRUSSEL, KB : II 4945	1550
LEXI000000004522	Bernardus van Clairvaux	TDRA000000000562	ROTTERDAM, GB : 96 F 1	1437
LEXI000000004957	Leven van Jezus van Jan Brugman	TDRA000000003539	'S-GRAVENHAGE, KB : 133 E 1	1525
LEXI000000004448	Augustinus	TDRA000000007519	Olim NIJHOFF ('s-Gravenhage) : 4 (BNM)	1527
LEXI000000004448	Augustinus	TDRA000000002836	PARIJS, BN : Néerl. 40	1550
LEXI000000005175	Gebeden ter ere van de ledematen van S. Maria	TDRA000000001352	LEIDEN, UB : LTK 323	1475
LEXI000000004448	Augustinus	TDRA000000006936	VANDERMEULEN (Hasselt) : z.s.	1525
LEXI000000004293	Het Cuelsche pater noster	TDRA000000001346	LEIDEN, UB : LTK 317	1500
LEXI000000004522	Bernardus van Clairvaux	TDRA000000000482	UTRECHT, MCC : BMH 62	1450
LEXI000000004448	Augustinus	TDRA000000005966	PURMEREND, WA : MONNICKENDAM 155	1486
LEXI000000005214	Hugo van Sint-Victor	TDRA000000004209	BRUSSEL, KB : II 6907	1550
LEXI000000004522	Bernardus van Clairvaux	TDRA000000004974	UTRECHT, MCC : ABM 38	1450
LEXI000000004659	Gregorius de Grote	TDRA000000000563	ROTTERDAM, GB : 96 E 7	1490
LEXI000000004522	Bernardus van Clairvaux	TDRA000000002845	PARIJS, BN : Néerl. 60	1550
LEXI000000004522	Bernardus van Clairvaux	TDRA000000003369	'S-GRAVENHAGE, KB : 133 H 11	1475
LEXI000000006237	Precor te amantissime Domine Jesu Christi propter eximiam caritatem	TDRA000000007535	BRUSSEL, KB : 14688	1450
LEXI000000004448	Augustinus	TDRA000000003986	BRUSSEL, KB : 21953	1475
LEXI000000004812	Arnulf van Leuven: Salve meum salutare	TDRA000000008006	SCHELLEKENS ('s-Hertogenbosch) : z.s.	0
LEXI000000004448	Augustinus	TDRA000000002749	'S-HEERENBERG, HB : 10	1462
LEXI000000004047	Meditacien vanden soeten leven ende bitter passie, verrisenisse ende glorificatie ons heeren Jhesu Cristi	TDRA000000007841	EDINBURGH, UL : Laing 35	1530
LEXI000000004522	Bernardus van Clairvaux	TDRA000000006028	BRYN MAWR, BMC : z.s.	1487
LEXI000000004522	Bernardus van Clairvaux	TDRA000000000396	'S-GRAVENHAGE, MM : 10 F 14	1490
LEXI000000004281	Mechtild van Hackeborn: Liber specialis gratiae	TDRA000000004732	DARMSTADT, HLHB : 189	1500
LEXI000000004478	Meditationum liber unus	TDRA000000005658	BRUGGE, SB : 319	1557
LEXI000000004522	Bernardus van Clairvaux	TDRA000000004775	DARMSTADT, HLHB : 1844	0
LEXI000000021653	Ave mundi spes Maria, berijmd	TDRA000000009374	BRUSSEL, KB : IV 1239	1475
LEXI000000004522	Bernardus van Clairvaux	TDRA000000001325	LEIDEN, UB : LTK 293	1450
LEXI000000004522	Bernardus van Clairvaux	TDRA000000003363	'S-GRAVENHAGE, KB : 133 F 7	1450
LEXI000000004522	Bernardus van Clairvaux	TDRA000000002436	WENEN, ONB : Series Nova 12869	1450
LEXI000000004281	Mechtild van Hackeborn: Liber specialis gratiae	TDRA000000002546	WARSCHAU, BN : I 3779	1440
LEXI000000004281	Mechtild van Hackeborn: Liber specialis gratiae	TDRA000000002546	WARSCHAU, BN : I 3779	1440
LEXI000000004281	Mechtild van Hackeborn: Liber specialis gratiae	TDRA000000005583	HAMBURG, SUB : Theol. 2058	1487
LEXI000000004448	Augustinus	TDRA000000007280	RIJSEL, BM : Olim 62	1450
LEXI000000004522	Bernardus van Clairvaux	TDRA000000000566	ROTTERDAM, GB : 96 E 12	1515
LEXI000000004281	Mechtild van Hackeborn: Liber specialis gratiae	TDRA000000003829	BRUSSEL, KB : 11231-36	1525
LEXI000000004448	Augustinus	TDRA000000007459	OXFORD, BL : Dutch f 1	0
LEXI000000004522	Bernardus van Clairvaux	TDRA000000011080	JASPERS (Aerdenhout) : z.s.	1440
LEXI000000004323	Hi is wijs die gode mynt	TDRA000000000347	NIJMEGEN, UB : 280	1475
LEXI000000004862	Gebed op naam van Bernardinus van Siena	TDRA000000004711	DARMSTADT, HLHB : 1918	1458
LEXI000000005214	Hugo van Sint-Victor	TDRA000000003369	'S-GRAVENHAGE, KB : 133 H 11	1475
LEXI000000004281	Mechtild van Hackeborn: Liber specialis gratiae	TDRA000000004726	DARMSTADT, HLHB : 193	1490
LEXI000000008050	Ave verum corpus	TDRA000000001860	BRUSSEL, KB : IV 997	1425
LEXI000000004448	Augustinus	TDRA000000003685	BRUSSEL, KB : 3014-15	1450
LEXI000000004281	Mechtild van Hackeborn: Liber specialis gratiae	TDRA000000003851	BRUSSEL, KB : 12080	1485
LEXI000000004448	Augustinus	TDRA000000002521	SINT-PETERSBURG, BSS : Goll. O.I, 2	1470
LEXI000000005211	Ambrosius	TDRA000000007259	LÜBECK, SB : Theol. Germ. 64	0
LEXI000000004522	Bernardus van Clairvaux	TDRA000000004389	LONDEN, BL : Add. 20729	1550
LEXI000000004659	Gregorius de Grote	TDRA000000001982	KEULEN, HA : W Sed. 39	0
LEXI000000004659	Gregorius de Grote	TDRA000000002036	BOEDAPEST, OSK : Holl. 6	1505
LEXI000000004786	O vrouwe der glorien, coninginne der bliscappen	TDRA000000001352	LEIDEN, UB : LTK 323	1475
LEXI000000005386	Johannes Gerson	TDRA000000008128	TILBURG, UB : KHS 19	1564
LEXI000000004448	Augustinus	TDRA000000007281	Olim WIEDER (Noordwijk) : z.s.	1570
LEXI000000004448	Augustinus	TDRA000000000506	UTRECHT, MCC : BMH 108	1512
LEXI000000004335	Salve misericordia Maria, aurora fulgens, stella matutina	TDRA000000006301	Olim LEUVEN, UB : G 218 (verloren)	0
LEXI000000004522	Bernardus van Clairvaux	TDRA000000001982	KEULEN, HA : W Sed. 39	0
LEXI000000005165	Gebed over het lijden van Jezus, geopenbaard aan paus Silvester	TDRA000000001353	LEIDEN, UB : LTK 324	1500
LEXI000000004732	O intemerata, berijmd	TDRA000000005898	BRUSSEL, KB : 15589-623	1406
LEXI000000004385	Meester Eckhart	TDRA000000001506	LEIDEN, UB : LTK 2055	1387
LEXI000000004522	Bernardus van Clairvaux	TDRA000000004731	DARMSTADT, HLHB : 1936	1509
LEXI000000005762	Johannes de Hovedena	TDRA000000000530	TILBURG, UB : KHS 14	1515
LEXI000000005214	Hugo van Sint-Victor	TDRA000000011080	JASPERS (Aerdenhout) : z.s.	1440
LEXI000000005652	Thomas a Kempis: Orationes et meditationes de vita Christi	TDRA000000001697	BRUSSEL, KB : IV 196	1550
LEXI000000003698	Der leken spiegel	TDRA000000003108	'S-GRAVENHAGE, KB : 76 E 5	1374
LEXI000000005265	Franciscus van Assisi	TDRA000000007974	AMSTERDAM, BH : hs. 967	1512
LEXI000000004730	O intemerata, in proza	TDRA000000001350	LEIDEN, UB : LTK 321	1525
LEXI000000006942	gebedenkrans	TDRA000000001352	LEIDEN, UB : LTK 323	1475
LEXI000000004659	Gregorius de Grote	TDRA000000008147	PHILADELPHIA, FL : Lewis European 217	1550
LEXI000000004484	Leven van Henricus Suso	TDRA000000006259	Olim LEUVEN, UB : G 70 (verloren)	1487
LEXI000000004522	Bernardus van Clairvaux	TDRA000000004372	LONDEN, BL : Add. 14042	1512
LEXI000000003936	De grote Der sielen troest	TDRA000000004781	DARMSTADT, HLHB : 2274	1439
LEXI000000004385	Meester Eckhart	TDRA000000004636	KOPENHAGEN, KB : Fabricius Oct. 96	1475
LEXI000000004281	Mechtild van Hackeborn: Liber specialis gratiae	TDRA000000004728	DARMSTADT, HLHB : 1938	1520
LEXI000000009166	korte getijden van het H. Kruis	TDRA000000003851	BRUSSEL, KB : 12080	1485
LEXI000000004902	Hieronymus	TDRA000000005597	ANTWERPEN, SB : B 141155	1475
LEXI000000004522	Bernardus van Clairvaux	TDRA000000004493	LONDEN, BL : Harley 914	1470
LEXI000000004522	Bernardus van Clairvaux	TDRA000000004493	LONDEN, BL : Harley 914	1470
LEXI000000005152	Beda Venerabilis	TDRA000000007280	RIJSEL, BM : Olim 62	1450
LEXI000000004281	Mechtild van Hackeborn: Liber specialis gratiae	TDRA000000001375	LEIDEN, UB : LTK 349	1425
LEXI000000004522	Bernardus van Clairvaux	TDRA000000006017	UTRECHT, MCC : s.o.	1545
LEXI000000004448	Augustinus	TDRA000000004478	OXFORD, BL : Canonici Liturg. 217	1487
LEXI000000004522	Bernardus van Clairvaux	TDRA000000003749	BRUSSEL, KB : 4603	1460
LEXI000000021167	Des heiligen geest mantel	TDRA000000004112	BRUSSEL, KB : II 3490	1510
LEXI000000005152	Beda Venerabilis	TDRA000000007920	RIJSEL, BM : Olim 68	1450
LEXI000000004448	Augustinus	TDRA000000013233	EMDEN, GK : Qu. 76	1480
LEXI000000004669	Vincentius Ferrerius: Gebed tot de naam van Jezus	TDRA000000005597	ANTWERPEN, SB : B 141155	1475
LEXI000000004522	Bernardus van Clairvaux	TDRA000000001350	LEIDEN, UB : LTK 321	1525
LEXI000000004281	Mechtild van Hackeborn: Liber specialis gratiae	TDRA000000000576	ROTTERDAM, GB : 96 G 5	1460
LEXI000000004659	Gregorius de Grote	TDRA000000005999	HARBURG, FBK : Maihingen I 4 Oct. 1	1480
LEXI000000004030	Horologium aeternae sapientiae	TDRA000000010200	AMSTERDAM, UB : VIII D 4	1487
LEXI000000004514	Tweede Eckbert van Schönau: Sermo de vita et passione Jesu Christi	TDRA000000003822	BRUSSEL, KB : 11171	1450
LEXI000000007269	Groeten tot Maria	TDRA000000001352	LEIDEN, UB : LTK 323	1475
LEXI000000004750	Anselmus van Canterbury	TDRA000000002806	LEEUWARDEN, PBF : 693 Hs.	1500
LEXI000000004448	Augustinus	TDRA000000003362	'S-GRAVENHAGE, KB : 133 F 1	1475
LEXI000000021266	Ons liefs heren passie	TDRA000000005898	BRUSSEL, KB : 15589-623	1406
LEXI000000006961	Ave tempel der Triniteit	TDRA000000007971	BRUSSEL, KB : IV 1137	1425
LEXI000000004522	Bernardus van Clairvaux	TDRA000000009589	BRUSSEL, KB : IV 1265	1450
LEXI000000004281	Mechtild van Hackeborn: Liber specialis gratiae	TDRA000000000365	NIJMEGEN, UB : 316	1500
LEXI000000004522	Bernardus van Clairvaux	TDRA000000003813	BRUSSEL, KB : 11059	1487
LEXI000000004274	Gerlach Peters: Soliloquium ignitum cum Deo	TDRA000000005088	KEULEN, HA : GB Oct. 55	0
LEXI000000005078	Gebed tot de vijf wonden van Christus op naam van Franciscus van Assisi	TDRA000000001349	LEIDEN, UB : LTK 320	1512
LEXI000000004812	Arnulf van Leuven: Salve meum salutare	TDRA000000001346	LEIDEN, UB : LTK 317	1500
LEXI000000004281	Mechtild van Hackeborn: Liber specialis gratiae	TDRA000000002436	WENEN, ONB : Series Nova 12869	1450
LEXI000000007297	Ic bevele mijn doot inden bitteren doot ons lieven heren Jezus Christus	TDRA000000001354	LEIDEN, UB : LTK 325	1525
LEXI000000004659	Gregorius de Grote	TDRA000000000565	ROTTERDAM, GB : 96 F 6	1500
LEXI000000004448	Augustinus	TDRA000000004299	CAMBRIDGE, FM : 270	1550
LEXI000000005114	Onser liever vrouwen mantel	TDRA000000001349	LEIDEN, UB : LTK 320	1512
LEXI000000004374	Gerard Zerbolt van Zutphen: De spiritualibus ascensionibus	TDRA000000005163	UTRECHT, MCC : BMH 161	1475
LEXI000000005214	Hugo van Sint-Victor	TDRA000000005388	MÜNCHEN, BSB : Cgm 864	1500
LEXI000000004522	Bernardus van Clairvaux	TDRA000000003697	BRUSSEL, KB : 3059	1549
LEXI000000004876	Hubertinus de Casale	TDRA000000008147	PHILADELPHIA, FL : Lewis European 217	1550
LEXI000000004522	Bernardus van Clairvaux	TDRA000000004726	DARMSTADT, HLHB : 193	1490
LEXI000000004654	Gebed voor de eucharistie uit Henricus Suso: Büchlein der ewigen Weisheit	TDRA000000001346	LEIDEN, UB : LTK 317	1500
LEXI000000004281	Mechtild van Hackeborn: Liber specialis gratiae	TDRA000000003457	'S-GRAVENHAGE, KB : 73 G 29	1437
LEXI000000005200	O here Jhesu Criste die alle tijt voir onse sculde gheoffert werdes	TDRA000000001346	LEIDEN, UB : LTK 317	1500
LEXI000000004750	Anselmus van Canterbury	TDRA000000005597	ANTWERPEN, SB : B 141155	1475
LEXI000000023072	Zuchten en wenen van Maria	TDRA000000004709	DARMSTADT, HLHB : 1964	1475
LEXI000000004448	Augustinus	TDRA000000003396	'S-GRAVENHAGE, KB : 133 H 12	1545
LEXI000000004659	Gregorius de Grote	TDRA000000006028	BRYN MAWR, BMC : z.s.	1487
LEXI000000003327	Noordnederlandse vertaling van Nieuwe Testament en oud-testamentische perikopen	TDRA000000005253	UTRECHT, MCC : Warmond 92 A 16	1475
LEXI000000004281	Mechtild van Hackeborn: Liber specialis gratiae	TDRA000000002188	SINT-PETERSBURG, BAN : O 255	1525
LEXI000000005114	Onser liever vrouwen mantel	TDRA000000002283	AMSTERDAM, UB : I G 15	1450
LEXI000000004522	Bernardus van Clairvaux	TDRA000000002749	'S-HEERENBERG, HB : 10	1462
LEXI000000006352	het gebed Ave salus mundi	TDRA000000000207	GENT, UB : 1353	1394
LEXI000000004522	Bernardus van Clairvaux	TDRA000000007290	SINT-TRUIDEN, IFG : B 66	0
LEXI000000004448	Augustinus	TDRA000000005597	ANTWERPEN, SB : B 141155	1475
LEXI000000004448	Augustinus	TDRA000000007741	MULHOUSE, SI : Coll. Weiss z.s.	1450
LEXI000000004652	Thomas van Aquino	TDRA000000001346	LEIDEN, UB : LTK 317	1500
LEXI000000004385	Meester Eckhart	TDRA000000007407	UDEN, MRK : s.o.	1530
LEXI000000004281	Mechtild van Hackeborn: Liber specialis gratiae	TDRA000000003991	BRUSSEL, KB : 22012	1552
LEXI000000004750	Anselmus van Canterbury	TDRA000000005642	ZUTPHEN, RAZ : 9	1449
LEXI000000004281	Mechtild van Hackeborn: Liber specialis gratiae	TDRA000000006040	Olim LEUVEN, UB : D 380 (verloren)	1526
LEXI000000021669	stokregel O Schoone Maria staet my in staden	TDRA000000002937	BERLIJN, SBB-PK : Germ. Qu. 651	1524
LEXI000000004522	Bernardus van Clairvaux	TDRA000000006002	AMSTERDAM, BPH : ICN 158	1485
LEXI000000004750	Anselmus van Canterbury	TDRA000000000480	UTRECHT, MCC : BMH 60	1450
LEXI000000004522	Bernardus van Clairvaux	TDRA000000005983	DE VRIES (Fribourg) : 2	0
LEXI000000004522	Bernardus van Clairvaux	TDRA000000006017	UTRECHT, MCC : s.o.	1545
LEXI000000004530	Gebeden tot de lijdenswerktuigen van Christus op naam van Gregorius	TDRA000000002046	DRESDEN, SL : M 291	1500
LEXI000000023071	Drieëndertig vermaningen aan Jezus	TDRA000000001375	LEIDEN, UB : LTK 349	1425
LEXI000000009183	Regina celi letare	TDRA000000005973	Olim DE BOM (Antwerpen) : 2	1525
LEXI000000004281	Mechtild van Hackeborn: Liber specialis gratiae	TDRA000000007459	OXFORD, BL : Dutch f 1	0
LEXI000000005265	Franciscus van Assisi	TDRA000000003457	'S-GRAVENHAGE, KB : 73 G 29	1437
LEXI000000004522	Bernardus van Clairvaux	TDRA000000000562	ROTTERDAM, GB : 96 F 1	1437
LEXI000000004281	Mechtild van Hackeborn: Liber specialis gratiae	TDRA000000002521	SINT-PETERSBURG, BSS : Goll. O.I, 2	1470
LEXI000000022561	Ad te levavi animam meam	TDRA000000008001	Olim DE KERCKHOVE (Gent) : z.s.	1450
LEXI000000004281	Mechtild van Hackeborn: Liber specialis gratiae	TDRA000000000509	UTRECHT, MCC : BMH 110	1501
LEXI000000004281	Mechtild van Hackeborn: Liber specialis gratiae	TDRA000000000567	ROTTERDAM, GB : 96 E 6	1515
LEXI000000004522	Bernardus van Clairvaux	TDRA000000006028	BRYN MAWR, BMC : z.s.	1487
LEXI000000004281	Mechtild van Hackeborn: Liber specialis gratiae	TDRA000000003849	BRUSSEL, KB : 12078	1496
LEXI000000004029	Büchlein der ewigen Weisheit	TDRA000000003986	BRUSSEL, KB : 21953	1475
LEXI000000004448	Augustinus	TDRA000000007405	ROME, BAV : Vat. Lat. 9216	1450
LEXI000000004018	Profectus religiosorum	TDRA000000002231	AMSTERDAM, UB : I G 16	1412
LEXI000000004031	Henricus Suso: Horologium aeternae sapientiae	TDRA000000005966	PURMEREND, WA : MONNICKENDAM 155	1486
LEXI000000006436	O Alderhoochste god almachtich	TDRA000000009369	AMSTERDAM, BPH : BPH 82	1530
LEXI000000004485	Ludolf van Saksen: Vita Christi	TDRA000000006259	Olim LEUVEN, UB : G 70 (verloren)	1487
LEXI000000005329	Vijftien Pater Noster van de passie	TDRA000000001346	LEIDEN, UB : LTK 317	1500
LEXI000000006940	getijden van S. Maria	TDRA000000016138	Olim DE VOS (Scheldewindeke) : 1	1487
LEXI000000005386	Johannes Gerson	TDRA000000005671	BRUGGE, SB : 568	1450
LEXI000000004555	Bonaventura	TDRA000000001982	KEULEN, HA : W Sed. 39	0
LEXI000000022201	De zeven banden van Jezus	TDRA000000000509	UTRECHT, MCC : BMH 110	1501
LEXI000000004522	Bernardus van Clairvaux	TDRA000000003703	BRUSSEL, KB : 3090	1550
LEXI000000004522	Bernardus van Clairvaux	TDRA000000004178	BRUSSEL, KB : II 5573	1523
LEXI000000004448	Augustinus	TDRA000000000566	ROTTERDAM, GB : 96 E 12	1515
LEXI000000004750	Anselmus van Canterbury	TDRA000000002268	AMSTERDAM, UB : I G 25	1465
LEXI000000004281	Mechtild van Hackeborn: Liber specialis gratiae	TDRA000000003931	BRUSSEL, KB : 19551	1450
LEXI000000004041	Openbaringen van Birgitta van Zweden, ongespecificeerd	TDRA000000005388	MÜNCHEN, BSB : Cgm 864	1500
LEXI000000006942	gebedenkrans	TDRA000000001352	LEIDEN, UB : LTK 323	1475
LEXI000000004281	Mechtild van Hackeborn: Liber specialis gratiae	TDRA000000006028	BRYN MAWR, BMC : z.s.	1487
LEXI000000006798	Sancte Herasme preciose martyr	TDRA000000005928	LEEUWARDEN, FM : Stamnr. 2453	1480
LEXI000000006942	gebedenkrans	TDRA000000001352	LEIDEN, UB : LTK 323	1475
LEXI000000004659	Gregorius de Grote	TDRA000000000509	UTRECHT, MCC : BMH 110	1501
LEXI000000004448	Augustinus	TDRA000000006045	Olim JALING (Utrecht) : z.s.	1520
LEXI000000004448	Augustinus	TDRA000000000291	GENT, UB : 2364	1450
LEXI000000004507	Stimulus amoris, ongespecificeerd	TDRA000000006150	LEUVEN, MSB : KULeuven, 74 Y 5	1480
LEXI000000004281	Mechtild van Hackeborn: Liber specialis gratiae	TDRA000000007457	GOOSSENS (Tilburg) : z.s.	1475
LEXI000000004522	Bernardus van Clairvaux	TDRA000000003986	BRUSSEL, KB : 21953	1475
LEXI000000004522	Bernardus van Clairvaux	TDRA000000006034	KARLSRUHE, BLB : 1307	1450
LEXI000000004031	Henricus Suso: Horologium aeternae sapientiae	TDRA000000004478	OXFORD, BL : Canonici Liturg. 217	1487
LEXI000000004448	Augustinus	TDRA000000004711	DARMSTADT, HLHB : 1918	1458
LEXI000000004659	Gregorius de Grote	TDRA000000006028	BRYN MAWR, BMC : z.s.	1487
LEXI000000004448	Augustinus	TDRA000000001446	ANTWERPEN, RG : Neerl. 17	1512
LEXI000000004448	Augustinus	TDRA000000004866	DARMSTADT, HLHB : 1093	1480
LEXI000000004882	Gregorius XI: Gebed tot de vijf wonden van Christus	TDRA000000000506	UTRECHT, MCC : BMH 108	1512
LEXI000000004750	Anselmus van Canterbury	TDRA000000005966	PURMEREND, WA : MONNICKENDAM 155	1486
LEXI000000004530	Gebeden tot de lijdenswerktuigen van Christus op naam van Gregorius	TDRA000000004209	BRUSSEL, KB : II 6907	1550
LEXI000000004478	Meditationum liber unus	TDRA000000003392	'S-GRAVENHAGE, KB : 131 E 30	1525
LEXI000000023055	gebed tot Jezus van Erasmus van Rotterdam	TDRA000000000571	ROTTERDAM, GB : 96 H 1	1520
LEXI000000004659	Gregorius de Grote	TDRA000000003395	'S-GRAVENHAGE, KB : 133 F 2	1526
LEXI000000004448	Augustinus	TDRA000000005663	BRUGGE, SB : 334	1450
