id	signatuur	aut_id	auteur
TDRA000000003387	'S-GRAVENHAGE, KB : 133 F 9	LEXI000000003326	Johannes Scutken
TDRA000000005912	CAMBRIDGE, HUL : Typ. 302	LEXI000000003325	Geert Grote
TDRA000000005912	CAMBRIDGE, HUL : Typ. 302	LEXI000000003326	Johannes Scutken
TDRA000000013802	Olim VAN STOCKUM ('s-Gravenhage) : Cat. 2000-6-14/16, nr. 1179	LEXI000000003325	Geert Grote
TDRA000000007678	AMSTERDAM, UB : XV E 2	LEXI000000003325	Geert Grote
TDRA000000014610	GENT, UB : 3330	LEXI000000008728	Eduard de Dene
TDRA000000003813	BRUSSEL, KB : 11059	LEXI000000003325	Geert Grote
TDRA000000002502	WENEN, ONB : Series Nova 12886	LEXI000000022113	Lenaert vander Heyden
TDRA000000003998	BRUSSEL, KB : II 112	LEXI000000003803	Godfried van Wevel
TDRA000000003998	BRUSSEL, KB : II 112	LEXI000000003360	Hendrik Mande
TDRA000000003998	BRUSSEL, KB : II 112	LEXI000000003772	Henricus Suso
TDRA000000003998	BRUSSEL, KB : II 112	LEXI000000004327	Jan Brugman
TDRA000000003998	BRUSSEL, KB : II 112	LEXI000000003810	Jan van Leeuwen
TDRA000000003998	BRUSSEL, KB : II 112	LEXI000000003704	Jan van Ruusbroec
TDRA000000000507	UTRECHT, MCC : BMH 105	LEXI000000022543	Caesarius van Arles
TDRA000000006361	NIJMEGEN, JBB : 5000 A 29	LEXI000000007802	Guillelmus Hellu
TDRA000000001354	LEIDEN, UB : LTK 325	LEXI000000003704	Jan van Ruusbroec
TDRA000000001354	LEIDEN, UB : LTK 325	LEXI000000003326	Johannes Scutken
TDRA000000001354	LEIDEN, UB : LTK 325	LEXI000000003805	Meester Eckhart
TDRA000000005898	BRUSSEL, KB : 15589-623	LEXI000000003943	Augustijnken
TDRA000000005898	BRUSSEL, KB : 15589-623	LEXI000000006228	Boudewijn van der Lore
TDRA000000005898	BRUSSEL, KB : 15589-623	LEXI000000007486	Colpaert
TDRA000000005898	BRUSSEL, KB : 15589-623	LEXI000000007488	Egidius
TDRA000000005898	BRUSSEL, KB : 15589-623	LEXI000000002360	Jacob van Maerlant
TDRA000000005898	BRUSSEL, KB : 15589-623	LEXI000000007335	Jan Dille
TDRA000000005898	BRUSSEL, KB : 15589-623	LEXI000000021881	Jan Dingelsche
TDRA000000005898	BRUSSEL, KB : 15589-623	LEXI000000007341	Jan Knibbe
TDRA000000005898	BRUSSEL, KB : 15589-623	LEXI000000003697	Jan van Boendale
TDRA000000005898	BRUSSEL, KB : 15589-623	LEXI000000007491	Jan van Hollant
TDRA000000005898	BRUSSEL, KB : 15589-623	LEXI000000002363	Lodewijk van Velthem
TDRA000000005898	BRUSSEL, KB : 15589-623	LEXI000000021873	Lodewike
TDRA000000005898	BRUSSEL, KB : 15589-623	LEXI000000004183	Loy Latewaert
TDRA000000005898	BRUSSEL, KB : 15589-623	LEXI000000004213	Nicolaas van Straatsburg
TDRA000000005898	BRUSSEL, KB : 15589-623	LEXI000000005823	Otte van Orleien
TDRA000000005898	BRUSSEL, KB : 15589-623	LEXI000000007492	Pieter van Iersel
TDRA000000005898	BRUSSEL, KB : 15589-623	LEXI000000003525	Segher Diengotgaf
TDRA000000004012	BRUSSEL, KB : II 278	LEXI000000003772	Henricus Suso
TDRA000000000506	UTRECHT, MCC : BMH 108	LEXI000000003325	Geert Grote
TDRA000000001618	DEVENTER, SAB : Hs. I, 36 (101 F 15 KL)	LEXI000000020913	Pseudo-Amphilochius
TDRA000000001618	DEVENTER, SAB : Hs. I, 36 (101 F 15 KL)	LEXI000000003316	bijbelvertaler van 1360
TDRA000000003966	BRUSSEL, KB : 21371	LEXI000000003325	Geert Grote
TDRA000000002271	AMSTERDAM, UB : I F 51	LEXI000000004074	Alijt Bake
TDRA000000002271	AMSTERDAM, UB : I F 51	LEXI000000004327	Jan Brugman
TDRA000000002271	AMSTERDAM, UB : I F 51	LEXI000000004416	Marquard von Lindau
TDRA000000001787	BRUSSEL, KB : IV 497	LEXI000000003325	Geert Grote
TDRA000000004370	LONDEN, BL : Add. 11417	LEXI000000003316	bijbelvertaler van 1360
TDRA000000004416	LONDEN, BL : Add. 31915	LEXI000000003325	Geert Grote
TDRA000000004399	LONDEN, BL : Add. 25904	LEXI000000022687	Nicholas van Dinkelsbühl
TDRA000000015525	Olim VAN DUYSE : Cat. 1862, nr. 99	LEXI000000004758	Ambrosius
TDRA000000001752	BRUSSEL, KB : IV 363	LEXI000000003325	Geert Grote
TDRA000000004170	BRUSSEL, KB : II 5443	LEXI000000004270	Dirc Coelde van Münster
TDRA000000002267	AMSTERDAM, UB : I G 24	LEXI000000003781	Dirc van Delf
TDRA000000002267	AMSTERDAM, UB : I G 24	LEXI000000004062	Hendrik Herp
TDRA000000002267	AMSTERDAM, UB : I G 24	LEXI000000003772	Henricus Suso
TDRA000000006001	CUNEN (Oss) : 3 (BNM)	LEXI000000003325	Geert Grote
TDRA000000006001	CUNEN (Oss) : 3 (BNM)	LEXI000000003772	Henricus Suso
TDRA000000007280	RIJSEL, BM : Olim 62	LEXI000000003772	Henricus Suso
TDRA000000003757	BRUSSEL, KB : 4660-61	LEXI000000003348	Bernardus van Clairvaux
TDRA000000000510	UTRECHT, MCC : BMH 111	LEXI000000008347	Anna Bijns
TDRA000000000510	UTRECHT, MCC : BMH 111	LEXI000000003492	Augustinus
TDRA000000000510	UTRECHT, MCC : BMH 111	LEXI000000022995	Jan van Gheesdael
TDRA000000004010	BRUSSEL, KB : II 270	LEXI000000008347	Anna Bijns
TDRA000000004010	BRUSSEL, KB : II 270	LEXI000000006444	Anthonis de Roovere
TDRA000000004010	BRUSSEL, KB : II 270	LEXI000000023063	Fulgencius
TDRA000000004010	BRUSSEL, KB : II 270	LEXI000000022999	G. Bloumaert
TDRA000000004010	BRUSSEL, KB : II 270	LEXI000000023111	Hamme
TDRA000000004010	BRUSSEL, KB : II 270	LEXI000000002360	Jacob van Maerlant
TDRA000000000504	UTRECHT, MCC : BMH 106	LEXI000000007770	Ghijsbaert Douwe
TDRA000000010266	DARMSTADT, HLHB : 1742	LEXI000000004270	Dirc Coelde van Münster
TDRA000000001380	LEIDEN, UB : LTK 354	LEXI000000003360	Hendrik Mande
TDRA000000001380	LEIDEN, UB : LTK 354	LEXI000000004416	Marquard von Lindau
TDRA000000004011	BRUSSEL, KB : II 277	LEXI000000021165	Godscalc Rosemont
TDRA000000001155	UTRECHT, UB : Cat. 1030	LEXI000000003673	Hadewijch
TDRA000000003971	BRUSSEL, KB : 21665	LEXI000000004270	Dirc Coelde van Münster
TDRA000000006000	CUNEN (Oss) : 2 (BNM)	LEXI000000003325	Geert Grote
TDRA000000000465	UTRECHT, MCC : BMH 47	LEXI000000003325	Geert Grote
TDRA000000002514	SINT-PETERSBURG, BSS : Goll. O.v.I, 4	LEXI000000003325	Geert Grote
TDRA000000002514	SINT-PETERSBURG, BSS : Goll. O.v.I, 4	LEXI000000003772	Henricus Suso
TDRA000000005253	UTRECHT, MCC : Warmond 92 A 16	LEXI000000003326	Johannes Scutken
TDRA000000006028	BRYN MAWR, BMC : z.s.	LEXI000000021770	Honorius
TDRA000000003150	'S-GRAVENHAGE, KB : 135 E 4	LEXI000000004327	Jan Brugman
TDRA000000005521	STRAATSBURG, BNU : 5525	LEXI000000003651	Thomas a Kempis
TDRA000000004159	BRUSSEL, KB : II 5220	LEXI000000003326	Johannes Scutken
TDRA000000003839	BRUSSEL, KB : 11795	LEXI000000003325	Geert Grote
TDRA000000001790	BRUSSEL, KB : IV 512	LEXI000000004270	Dirc Coelde van Münster
TDRA000000004373	LONDEN, BL : Add. 15267	LEXI000000003325	Geert Grote
TDRA000000003420	'S-GRAVENHAGE, KB : 133 F 15	LEXI000000003772	Henricus Suso
TDRA000000006558	BRUGGE, GS : 72/175	LEXI000000020846	Godfried van Sint-Victor
TDRA000000006558	BRUGGE, GS : 72/175	LEXI000000002363	Lodewijk van Velthem
TDRA000000013828	TRIER, SB : 788/1372 Oct.	LEXI000000004471	Alcuinus
TDRA000000013828	TRIER, SB : 788/1372 Oct.	LEXI000000003495	Hieronymus
TDRA000000013828	TRIER, SB : 788/1372 Oct.	LEXI000000003813	Jan van Schoonhoven
TDRA000000013828	TRIER, SB : 788/1372 Oct.	LEXI000000003651	Thomas a Kempis
TDRA000000002935	BERLIJN, SBB-PK : Germ. Qu. 557	LEXI000000006444	Anthonis de Roovere
TDRA000000002935	BERLIJN, SBB-PK : Germ. Qu. 557	LEXI000000003316	bijbelvertaler van 1360
TDRA000000005928	LEEUWARDEN, FM : Stamnr. 2453	LEXI000000003325	Geert Grote
TDRA000000003829	BRUSSEL, KB : 11231-36	LEXI000000003316	bijbelvertaler van 1360
TDRA000000006945	BERLIJN, KK : 78 B 3	LEXI000000003325	Geert Grote
TDRA000000008029	SPRINGFIELD, CL : 91 H 78	LEXI000000003325	Geert Grote
TDRA000000000475	UTRECHT, MCC : BMH 55	LEXI000000003772	Henricus Suso
TDRA000000006762	BERLIJN, SBB-PK : Germ. Oct. 819	LEXI000000003772	Henricus Suso
TDRA000000006762	BERLIJN, SBB-PK : Germ. Oct. 819	LEXI000000002374	Jacobus van Gruitrode
TDRA000000003632	BRUSSEL, KB : 1683-87	LEXI000000022976	Adriaan van den Eeckhoute
TDRA000000003632	BRUSSEL, KB : 1683-87	LEXI000000004111	Jan Storm
TDRA000000003632	BRUSSEL, KB : 1683-87	LEXI000000003316	bijbelvertaler van 1360
TDRA000000003632	BRUSSEL, KB : 1683-87	LEXI000000004114	broeder Aert
TDRA000000004954	UTRECHT, MCC : ABM 18	LEXI000000003325	Geert Grote
TDRA000000004015	BRUSSEL, KB : II 294	LEXI000000003325	Geert Grote
TDRA000000008149	EDINBURGH, UL : 65	LEXI000000004270	Dirc Coelde van Münster
TDRA000000004001	BRUSSEL, KB : II 116	LEXI000000006228	Boudewijn van der Lore
TDRA000000004001	BRUSSEL, KB : II 116	LEXI000000004183	Loy Latewaert
TDRA000000013233	EMDEN, GK : Qu. 76	LEXI000000022547	broeder Heynric van Vrelant
TDRA000000002699	'S-GRAVENHAGE, KB : 71 H 65	LEXI000000003316	bijbelvertaler van 1360
TDRA000000007736	DOWAAI, BM : 1175	LEXI000000005823	Otte van Orleien
TDRA000000007737	KERVIJN DE MEERENDREE (Gent) : z.s.	LEXI000000003325	Geert Grote
TDRA000000001346	LEIDEN, UB : LTK 317	LEXI000000003772	Henricus Suso
TDRA000000001346	LEIDEN, UB : LTK 317	LEXI000000004416	Marquard von Lindau
TDRA000000011828	Olim VAN HUFFEL (Utrecht) : Cat. 1937-06-17/18, nr. 68	LEXI000000003704	Jan van Ruusbroec
TDRA000000005849	WEERT, GM : CMW 31	LEXI000000003704	Jan van Ruusbroec
TDRA000000005849	WEERT, GM : CMW 31	LEXI000000004209	Rulman Merswin
TDRA000000005849	WEERT, GM : CMW 31	LEXI000000021886	broeder IJsbrand
TDRA000000005849	WEERT, GM : CMW 31	LEXI000000021880	broeder Nicolaas
TDRA000000007535	BRUSSEL, KB : 14688	LEXI000000004092	Hendrik van Leuven
TDRA000000007535	BRUSSEL, KB : 14688	LEXI000000003772	Henricus Suso
TDRA000000007535	BRUSSEL, KB : 14688	LEXI000000005212	Johannes von Sterngassen
TDRA000000007535	BRUSSEL, KB : 14688	LEXI000000003805	Meester Eckhart
TDRA000000000514	UTRECHT, MCC : BMH 144	LEXI000000003326	Johannes Scutken
TDRA000000004955	UTRECHT, MCC : ABM 19	LEXI000000003325	Geert Grote
TDRA000000001756	BRUSSEL, KB : IV 385	LEXI000000003325	Geert Grote
TDRA000000004148	BRUSSEL, KB : II 5121	LEXI000000003772	Henricus Suso
TDRA000000007482	PARIJS, BG : 3391	LEXI000000021478	Jan van Paulinen
TDRA000000003828	BRUSSEL, KB : 11223	LEXI000000003325	Geert Grote
TDRA000000000138	GENT, UB : 542	LEXI000000006325	Gilles de Wevel
TDRA000000004410	LONDEN, BL : Add. 29887	LEXI000000003325	Geert Grote
TDRA000000004410	LONDEN, BL : Add. 29887	LEXI000000003316	bijbelvertaler van 1360
TDRA000000008599	PARIJS, BA : 565	LEXI000000005823	Otte van Orleien
TDRA000000005903	PHILADELPHIA, FL : Lewis European 183	LEXI000000003325	Geert Grote
TDRA000000005903	PHILADELPHIA, FL : Lewis European 183	LEXI000000003326	Johannes Scutken
TDRA000000003396	'S-GRAVENHAGE, KB : 133 H 12	LEXI000000003326	Johannes Scutken
TDRA000000004348	DÜSSELDORF, ULB : C 93	LEXI000000003656	Gerard van Vliederhoven
TDRA000000004348	DÜSSELDORF, ULB : C 93	LEXI000000003772	Henricus Suso
TDRA000000005724	KAAPSTAD, NLSA : Grey 3 c 4	LEXI000000003810	Jan van Leeuwen
TDRA000000012099	GRIMBERGEN, AB : II 57	LEXI000000008189	Francesco Petrarca
TDRA000000005268	TILBURG, TF : TFK HS 7	LEXI000000003325	Geert Grote
TDRA000000004610	KOPENHAGEN, KB : Thott 550 Qu.	LEXI000000003325	Geert Grote
TDRA000000000476	UTRECHT, MCC : BMH 56	LEXI000000003772	Henricus Suso
TDRA000000004162	BRUSSEL, KB : II 5292	LEXI000000010264	Pelgrim Pullen
TDRA000000001740	BRUSSEL, KB : IV 312	LEXI000000003325	Geert Grote
TDRA000000005644	ZUTPHEN, LWK : Olim 7	LEXI000000003325	Geert Grote
TDRA000000001344	LEIDEN, UB : LTK 315	LEXI000000004557	Heinrich von St. Gallen
TDRA000000001344	LEIDEN, UB : LTK 315	LEXI000000003326	Johannes Scutken
TDRA000000002880	Olim 'S-GRAVENHAGE, KB : 71 H 53 (verloren)	LEXI000000003704	Jan van Ruusbroec
TDRA000000014760	AMSTERDAM, KRIJTBERG : 1	LEXI000000003325	Geert Grote
TDRA000000002857	PARIJS, BN : Néerl. 129	LEXI000000003316	bijbelvertaler van 1360
TDRA000000002328	WENEN, ONB : Series Nova 12827	LEXI000000006303	Jacomijne Costers
TDRA000000002328	WENEN, ONB : Series Nova 12827	LEXI000000003810	Jan van Leeuwen
TDRA000000002328	WENEN, ONB : Series Nova 12827	LEXI000000004232	Johannes Tauler
TDRA000000002328	WENEN, ONB : Series Nova 12827	LEXI000000022320	Mechtild van Rieviren
TDRA000000006172	WIESBADEN, HSA : 3004 B 10	LEXI000000003943	Augustijnken
TDRA000000006172	WIESBADEN, HSA : 3004 B 10	LEXI000000004092	Hendrik van Leuven
TDRA000000015668	Olim DE REUME (Brussel) : Cat. 7/8-3-1866, nr. 255	LEXI000000003492	Augustinus
TDRA000000014576	KEULEN, HA : W 119	LEXI000000020513	Dominicus van Trier
TDRA000000014576	KEULEN, HA : W 119	LEXI000000008682	Henricus Dissen
TDRA000000014576	KEULEN, HA : W 119	LEXI000000003813	Jan van Schoonhoven
TDRA000000007456	Olim NIJHOFF ('s-Gravenhage) : 3 (BNM)	LEXI000000017649	paus Johannes XXII
TDRA000000008981	TRIER, SB : 1981/2 Oct.	LEXI000000003325	Geert Grote
TDRA000000000477	UTRECHT, MCC : BMH 57	LEXI000000003325	Geert Grote
TDRA000000000477	UTRECHT, MCC : BMH 57	LEXI000000005823	Otte van Orleien
TDRA000000003803	BRUSSEL, KB : 10761	LEXI000000003325	Geert Grote
TDRA000000003354	'S-GRAVENHAGE, KB : 133 F 20	LEXI000000003360	Hendrik Mande
TDRA000000002937	BERLIJN, SBB-PK : Germ. Qu. 651	LEXI000000006444	Anthonis de Roovere
TDRA000000002937	BERLIJN, SBB-PK : Germ. Qu. 651	LEXI000000007485	Anthonius Ghyselers
TDRA000000005597	ANTWERPEN, SB : B 141155	LEXI000000003772	Henricus Suso
TDRA000000003657	BRUSSEL, KB : 2555-58	LEXI000000005581	Johannes Bellens
TDRA000000016272	BRUSSEL, KB : IV 209 (16)	LEXI000000003325	Geert Grote
TDRA000000000404	'S-GRAVENHAGE, MM : 10 F 23	LEXI000000003325	Geert Grote
TDRA000000001861	BRUSSEL, KB : IV 999	LEXI000000003325	Geert Grote
TDRA000000004716	DARMSTADT, HLHB : 1880	LEXI000000003325	Geert Grote
TDRA000000004716	DARMSTADT, HLHB : 1880	LEXI000000003772	Henricus Suso
TDRA000000008892	MANCHESTER, JRL : Dutch 13	LEXI000000006444	Anthonis de Roovere
TDRA000000005811	PARIJS, BM : 920	LEXI000000003673	Hadewijch
TDRA000000005811	PARIJS, BM : 920	LEXI000000003704	Jan van Ruusbroec
TDRA000000002602	ANTWERPEN, MPM : M. 14.16	LEXI000000003325	Geert Grote
TDRA000000007008	AMSTERDAM, BPH : ICN 51	LEXI000000003325	Geert Grote
TDRA000000000571	ROTTERDAM, GB : 96 H 1	LEXI000000006721	Erasmus van Rotterdam
TDRA000000004717	DARMSTADT, HLHB : 1876	LEXI000000003772	Henricus Suso
TDRA000000000217	GENT, UB : 1376	LEXI000000006444	Anthonis de Roovere
TDRA000000000217	GENT, UB : 1376	LEXI000000003813	Jan van Schoonhoven
TDRA000000000217	GENT, UB : 1376	LEXI000000004213	Nicolaas van Straatsburg
TDRA000000007544	BRUSSEL, KB : IV 1282	LEXI000000020478	Hendrik Cool
TDRA000000007544	BRUSSEL, KB : IV 1282	LEXI000000004232	Johannes Tauler
TDRA000000015801	Olim GETZ (Beverly Hills) : 22	LEXI000000003655	Thomas van Aquino
TDRA000000001860	BRUSSEL, KB : IV 997	LEXI000000003810	Jan van Leeuwen
TDRA000000001848	BRUSSEL, KB : IV 858	LEXI000000003325	Geert Grote
TDRA000000014302	DARMSTADT, HLHB : 1200	LEXI000000008682	Henricus Dissen
TDRA000000014302	DARMSTADT, HLHB : 1200	LEXI000000003495	Hieronymus
TDRA000000007430	PURMEREND, WA : MONNICKENDAM 154	LEXI000000005821	Florijs Claeszn van Monnickendam
TDRA000000007430	PURMEREND, WA : MONNICKENDAM 154	LEXI000000022310	Simon Janszn
TDRA000000005596	Olim AMSTERDAM, MA : z.n.	LEXI000000003325	Geert Grote
TDRA000000005970	DEVENTER, SAB : 2000 D 19 KL	LEXI000000003325	Geert Grote
TDRA000000013874	BERLIJN, SBB-PK : Germ. Oct. 451	LEXI000000003325	Geert Grote
TDRA000000005999	HARBURG, FBK : Maihingen I 4 Oct. 1	LEXI000000003325	Geert Grote
TDRA000000016271	BRUSSEL, KB : IV 209 (8)	LEXI000000003325	Geert Grote
TDRA000000014300	DARMSTADT, HLHB : 1109	LEXI000000003348	Bernardus van Clairvaux
TDRA000000014300	DARMSTADT, HLHB : 1109	LEXI000000022679	Herman Appeldoorn
TDRA000000003913	BRUSSEL, KB : 18229-30	LEXI000000004697	Olivier de Langhe
TDRA000000001651	DEVENTER, SAB : Hs. I, 72 (101 D 14 KL)	LEXI000000004865	Beernt Arboestier
TDRA000000008107	STICHTING DUIVENVOORDE (Oegstgeest) : 1	LEXI000000003325	Geert Grote
TDRA000000004715	DARMSTADT, HLHB : 1872	LEXI000000003325	Geert Grote
TDRA000000012163	CLEVELAND, MA : TR 12.828/28	LEXI000000003325	Geert Grote
TDRA000000005184	NIJMEGEN, JBB : 5000 MS 14 BK	LEXI000000003325	Geert Grote
TDRA000000000566	ROTTERDAM, GB : 96 E 12	LEXI000000003772	Henricus Suso
TDRA000000004714	DARMSTADT, HLHB : 1968	LEXI000000003325	Geert Grote
TDRA000000004728	DARMSTADT, HLHB : 1938	LEXI000000003772	Henricus Suso
TDRA000000008847	LONDEN, VAM : 600-1889	LEXI000000003325	Geert Grote
TDRA000000001687	BRUSSEL, KB : IV 142	LEXI000000003325	Geert Grote
TDRA000000001724	BRUSSEL, KB : IV 216	LEXI000000003325	Geert Grote
TDRA000000009634	JASPERS (Aerdenhout) : z.s.	LEXI000000004327	Jan Brugman
TDRA000000004462	LONDEN, BL : Sloane 1174	LEXI000000008347	Anna Bijns
TDRA000000004462	LONDEN, BL : Sloane 1174	LEXI000000006444	Anthonis de Roovere
TDRA000000004462	LONDEN, BL : Sloane 1174	LEXI000000008348	Cornelis Crul
TDRA000000004462	LONDEN, BL : Sloane 1174	LEXI000000008349	Frans Fraet
TDRA000000004462	LONDEN, BL : Sloane 1174	LEXI000000008346	Nicolas Knibbe
TDRA000000002995	BERLIJN, SBB-PK : Germ. Qu. 18	LEXI000000003325	Geert Grote
TDRA000000006259	Olim LEUVEN, UB : G 70 (verloren)	LEXI000000003772	Henricus Suso
TDRA000000002598	ANTWERPEN, MPM : M. 14.19	LEXI000000003325	Geert Grote
TDRA000000000402	'S-GRAVENHAGE, MM : 10 F 18	LEXI000000003325	Geert Grote
TDRA000000003679	BRUSSEL, KB : 2992-93	LEXI000000003326	Johannes Scutken
TDRA000000001734	BRUSSEL, KB : IV 271	LEXI000000003325	Geert Grote
TDRA000000008857	Olim FORUM (Utrecht) : Cat. 99, nr. 4	LEXI000000003325	Geert Grote
TDRA000000004937	Olim UTRECHT, ABM : DEVENTER PK 1 (verloren)	LEXI000000003358	Gerlach Peters
TDRA000000004937	Olim UTRECHT, ABM : DEVENTER PK 1 (verloren)	LEXI000000003704	Jan van Ruusbroec
TDRA000000001697	BRUSSEL, KB : IV 196	LEXI000000003651	Thomas a Kempis
TDRA000000004710	DARMSTADT, HLHB : 230	LEXI000000003325	Geert Grote
TDRA000000005368	MÜNCHEN, BSB : Cgm 106	LEXI000000003325	Geert Grote
TDRA000000003057	BERLIJN, SBB-PK : Germ. Oct. 440	LEXI000000003325	Geert Grote
TDRA000000001640	DEVENTER, SAB : Hs. I, 61 (11 L 1 KL)	LEXI000000003562	Anselmus van Canterbury
TDRA000000001640	DEVENTER, SAB : Hs. I, 61 (11 L 1 KL)	LEXI000000003492	Augustinus
TDRA000000003296	'S-GRAVENHAGE, KB : 131 G 7	LEXI000000003325	Geert Grote
TDRA000000002836	PARIJS, BN : Néerl. 40	LEXI000000004232	Johannes Tauler
TDRA000000002836	PARIJS, BN : Néerl. 40	LEXI000000006327	Martinus van Turnhout
TDRA000000002836	PARIJS, BN : Néerl. 40	LEXI000000023066	broeder Gertje Jacobsen
TDRA000000004512	LONDEN, BL : Harley 2943	LEXI000000003325	Geert Grote
TDRA000000004260	WEERT, GM : CMW 33	LEXI000000003772	Henricus Suso
TDRA000000004260	WEERT, GM : CMW 33	LEXI000000003704	Jan van Ruusbroec
TDRA000000004260	WEERT, GM : CMW 33	LEXI000000004213	Nicolaas van Straatsburg
TDRA000000005630	HOORN, WA : Boekerij der gemeente I 45 Oct.	LEXI000000003325	Geert Grote
TDRA000000001443	ANTWERPEN, RG : Neerl. 11	LEXI000000006760	Jan van Hulst
TDRA000000001325	LEIDEN, UB : LTK 293	LEXI000000003325	Geert Grote
TDRA000000001325	LEIDEN, UB : LTK 293	LEXI000000003772	Henricus Suso
TDRA000000002638	'S-GRAVENHAGE, KB : 135 E 40	LEXI000000003325	Geert Grote
TDRA000000001331	LEIDEN, UB : LTK 299	LEXI000000003325	Geert Grote
TDRA000000015422	LONDEN, RCMS : 6	LEXI000000003325	Geert Grote
TDRA000000010200	AMSTERDAM, UB : VIII D 4	LEXI000000003772	Henricus Suso
TDRA000000004513	LONDEN, BL : Harley 2954	LEXI000000003325	Geert Grote
TDRA000000003042	BERLIJN, SBB-PK : Germ. Oct. 352	LEXI000000003704	Jan van Ruusbroec
TDRA000000004705	Olim OSNABRÜCK, GC : 36 (verloren)	LEXI000000015666	heer Bethleem
TDRA000000004711	DARMSTADT, HLHB : 1918	LEXI000000003325	Geert Grote
TDRA000000005369	MÜNCHEN, BSB : Cgm 108	LEXI000000003325	Geert Grote
TDRA000000001682	BRUSSEL, KB : IV 81	LEXI000000003325	Geert Grote
TDRA000000001682	BRUSSEL, KB : IV 81	LEXI000000005823	Otte van Orleien
TDRA000000001696	BRUSSEL, KB : IV 195	LEXI000000004327	Jan Brugman
TDRA000000005396	MÜNCHEN, BSB : Cgm 5235	LEXI000000003978	Pseudo-Anselmus van Canterbury
TDRA000000005396	MÜNCHEN, BSB : Cgm 5235	LEXI000000005070	Thomas van Celano
TDRA000000001872	BRUSSEL, KB : IV 1074	LEXI000000003325	Geert Grote
TDRA000000000371	NIJMEGEN, UB : 323	LEXI000000003772	Henricus Suso
TDRA000000005584	HAMBURG, SUB : Theol. 2194	LEXI000000003358	Gerlach Peters
TDRA000000005584	HAMBURG, SUB : Theol. 2194	LEXI000000003704	Jan van Ruusbroec
TDRA000000005584	HAMBURG, SUB : Theol. 2194	LEXI000000004213	Nicolaas van Straatsburg
TDRA000000003320	'S-GRAVENHAGE, KB : 133 D 1	LEXI000000003325	Geert Grote
TDRA000000000173	GENT, UB : 1017	LEXI000000003360	Hendrik Mande
TDRA000000004498	LONDEN, BL : Harley 1662	LEXI000000003325	Geert Grote
TDRA000000004303	CAMBRIDGE, FM : 348	LEXI000000003325	Geert Grote
TDRA000000003849	BRUSSEL, KB : 12078	LEXI000000003325	Geert Grote
TDRA000000003691	BRUSSEL, KB : 3040	LEXI000000003325	Geert Grote
TDRA000000001938	LEIDEN, UB : BPL 2145	LEXI000000003325	Geert Grote
TDRA000000001938	LEIDEN, UB : BPL 2145	LEXI000000003326	Johannes Scutken
TDRA000000014474	BERLIJN, KK : Cim. 25	LEXI000000003325	Geert Grote
TDRA000000003108	'S-GRAVENHAGE, KB : 76 E 5	LEXI000000002360	Jacob van Maerlant
TDRA000000003108	'S-GRAVENHAGE, KB : 76 E 5	LEXI000000003697	Jan van Boendale
TDRA000000003108	'S-GRAVENHAGE, KB : 76 E 5	LEXI000000003704	Jan van Ruusbroec
TDRA000000004129	BRUSSEL, KB : II 4945	LEXI000000003772	Henricus Suso
TDRA000000003915	BRUSSEL, KB : 18270	LEXI000000002360	Jacob van Maerlant
TDRA000000003915	BRUSSEL, KB : 18270	LEXI000000004183	Loy Latewaert
TDRA000000005380	MÜNCHEN, BSB : Cgm 180	LEXI000000002374	Jacobus van Gruitrode
TDRA000000008868	WOLFENBÜTTEL, HAB : 1189 Helmst.	LEXI000000007909	Suster Bertken
TDRA000000004707	DARMSTADT, HLHB : 1873	LEXI000000003325	Geert Grote
TDRA000000000207	GENT, UB : 1353	LEXI000000004092	Hendrik van Leuven
TDRA000000004713	DARMSTADT, HLHB : 1962	LEXI000000003325	Geert Grote
TDRA000000004049	BRUSSEL, KB : II 1332	LEXI000000003772	Henricus Suso
TDRA000000004049	BRUSSEL, KB : II 1332	LEXI000000003326	Johannes Scutken
TDRA000000001333	LEIDEN, UB : LTK 301	LEXI000000003704	Jan van Ruusbroec
TDRA000000001332	LEIDEN, UB : LTK 300	LEXI000000003325	Geert Grote
TDRA000000005168	UTRECHT, MCC : BMH 166	LEXI000000003325	Geert Grote
TDRA000000003041	BERLIJN, SBB-PK : Germ. Oct. 351	LEXI000000002374	Jacobus van Gruitrode
TDRA000000004712	DARMSTADT, HLHB : 1922	LEXI000000003325	Geert Grote
TDRA000000004712	DARMSTADT, HLHB : 1922	LEXI000000003772	Henricus Suso
TDRA000000012164	PARIJS, MC : 21533	LEXI000000003325	Geert Grote
TDRA000000006071	AMSTERDAM, UB : V J 10	LEXI000000003325	Geert Grote
TDRA000000006071	AMSTERDAM, UB : V J 10	LEXI000000003358	Gerlach Peters
TDRA000000000400	'S-GRAVENHAGE, MM : 10 F 2	LEXI000000003772	Henricus Suso
TDRA000000003109	'S-GRAVENHAGE, KB : 76 E 6	LEXI000000002360	Jacob van Maerlant
TDRA000000005746	LUIK, UB : Wittert 42	LEXI000000021268	heer Bethleem (Item dit devoet boexken heeft een weerdich priester ghenaemt heer Bethleem beschreven die in dat heyleghe lant van beloften binnen die stadt van jherusalem meneghe tijt ghewoent heeft
TDRA000000000196	GENT, UB : 1330	LEXI000000004232	Johannes Tauler
TDRA000000000196	GENT, UB : 1330	LEXI000000003805	Meester Eckhart
TDRA000000000196	GENT, UB : 1330	LEXI000000004213	Nicolaas van Straatsburg
TDRA000000007606	BOSTON, PL : q. Med. 159	LEXI000000003325	Geert Grote
TDRA000000005011	KEULEN, HA : W* 254	LEXI000000004213	Nicolaas van Straatsburg
TDRA000000003460	'S-GRAVENHAGE, KB : 133 H 10	LEXI000000004557	Heinrich von St. Gallen
TDRA000000003851	BRUSSEL, KB : 12080	LEXI000000003325	Geert Grote
TDRA000000006040	Olim LEUVEN, UB : D 380 (verloren)	LEXI000000003772	Henricus Suso
TDRA000000009401	CHICAGO, NL : 56	LEXI000000003704	Jan van Ruusbroec
TDRA000000004904	KEULEN, HA : GB Oct. 71	LEXI000000003772	Henricus Suso
TDRA000000004904	KEULEN, HA : GB Oct. 71	LEXI000000004327	Jan Brugman
TDRA000000004904	KEULEN, HA : GB Oct. 71	LEXI000000003704	Jan van Ruusbroec
TDRA000000004904	KEULEN, HA : GB Oct. 71	LEXI000000004232	Johannes Tauler
TDRA000000003931	BRUSSEL, KB : 19551	LEXI000000003325	Geert Grote
TDRA000000003931	BRUSSEL, KB : 19551	LEXI000000003772	Henricus Suso
TDRA000000002805	LEEUWARDEN, PBF : 692 Hs.	LEXI000000003325	Geert Grote
TDRA000000006487	ANTWERPEN, MPM : M. 255	LEXI000000003325	Geert Grote
TDRA000000003500	'S-GRAVENHAGE, KB : 73 F 28	LEXI000000004339	Hendrik van Santen
TDRA000000003500	'S-GRAVENHAGE, KB : 73 F 28	LEXI000000003704	Jan van Ruusbroec
TDRA000000002178	LEIPZIG, UB : 1516	LEXI000000003325	Geert Grote
TDRA000000001459	ENSCHEDE, RT : Inv. 290	LEXI000000003325	Geert Grote
TDRA000000010232	MANCHESTER, CL : 33667	LEXI000000003325	Geert Grote
TDRA000000001316	LEIDEN, UB : LTK 284	LEXI000000003325	Geert Grote
TDRA000000002186	SINT-PETERSBURG, BAN : O 254	LEXI000000003325	Geert Grote
TDRA000000000550	ROTTERDAM, GB : 96 E 4	LEXI000000004416	Marquard von Lindau
TDRA000000002435	WENEN, ONB : Series Nova 12868	LEXI000000003805	Meester Eckhart
TDRA000000002435	WENEN, ONB : Series Nova 12868	LEXI000000004209	Rulman Merswin
TDRA000000003703	BRUSSEL, KB : 3090	LEXI000000003772	Henricus Suso
TDRA000000006041	'S-GRAVENHAGE, KB : KA 37	LEXI000000003325	Geert Grote
TDRA000000006041	'S-GRAVENHAGE, KB : KA 37	LEXI000000003358	Gerlach Peters
TDRA000000006041	'S-GRAVENHAGE, KB : KA 37	LEXI000000004062	Hendrik Herp
TDRA000000015773	Olim MARCUS (Amsterdam) : Cat. 1750, 8° nr. 32	LEXI000000003348	Bernardus van Clairvaux
TDRA000000007405	ROME, BAV : Vat. Lat. 9216	LEXI000000004213	Nicolaas van Straatsburg
TDRA000000002596	ANTWERPEN, MPM : M. 14.18	LEXI000000003325	Geert Grote
TDRA000000003850	BRUSSEL, KB : 12079	LEXI000000003325	Geert Grote
TDRA000000003313	'S-GRAVENHAGE, KB : 130 E 20	LEXI000000003325	Geert Grote
TDRA000000004495	LONDEN, BL : Harley 2434	LEXI000000003325	Geert Grote
TDRA000000001506	LEIDEN, UB : LTK 2055	LEXI000000003772	Henricus Suso
TDRA000000001506	LEIDEN, UB : LTK 2055	LEXI000000003704	Jan van Ruusbroec
TDRA000000008250	MAAS (Arnhem) : z.s.	LEXI000000003325	Geert Grote
TDRA000000002755	'S-HEERENBERG, HB : 21	LEXI000000020464	Waarschijnlijk Petrus Naghel
TDRA000000002755	'S-HEERENBERG, HB : 21	LEXI000000003316	bijbelvertaler van 1360
TDRA000000005990	BALTIMORE, WAG : W. 782	LEXI000000003325	Geert Grote
TDRA000000003852	BRUSSEL, KB : 12081	LEXI000000003325	Geert Grote
TDRA000000003675	BRUSSEL, KB : 2954	LEXI000000003325	Geert Grote
TDRA000000007407	UDEN, MRK : s.o.	LEXI000000004232	Johannes Tauler
TDRA000000007407	UDEN, MRK : s.o.	LEXI000000004213	Nicolaas van Straatsburg
TDRA000000000368	NIJMEGEN, UB : 319	LEXI000000003325	Geert Grote
TDRA000000001738	BRUSSEL, KB : IV 302	LEXI000000003325	Geert Grote
TDRA000000002231	AMSTERDAM, UB : I G 16	LEXI000000004017	David van Augsburg
TDRA000000009370	'S-GRAVENHAGE, KB : 71 E 57	LEXI000000022187	Jacq. Melijn
TDRA000000009370	'S-GRAVENHAGE, KB : 71 E 57	LEXI000000022996	Jan vanden Berghen
TDRA000000004708	DARMSTADT, HLHB : 1002	LEXI000000003325	Geert Grote
TDRA000000008132	MÜNSTER-ALBACHTEN (Mühlen) : 707	LEXI000000003325	Geert Grote
TDRA000000000552	ROTTERDAM, GB : 96 G 8	LEXI000000003325	Geert Grote
TDRA000000006137	Olim MÜNSTER, UB : 783 (verloren)	LEXI000000003325	Geert Grote
TDRA000000002806	LEEUWARDEN, PBF : 693 Hs.	LEXI000000022575	bruer Aryaen
TDRA000000001472	LEIDEN, UB : LTK 1532	LEXI000000003325	Geert Grote
TDRA000000005172	NIJMEGEN, JBB : 5000 CC 1	LEXI000000003704	Jan van Ruusbroec
TDRA000000005172	NIJMEGEN, JBB : 5000 CC 1	LEXI000000004416	Marquard von Lindau
TDRA000000005172	NIJMEGEN, JBB : 5000 CC 1	LEXI000000004213	Nicolaas van Straatsburg
TDRA000000009012	Olim CLAES (Antwerpen) : U 5	LEXI000000003325	Geert Grote
TDRA000000005629	HAARLEM, TM : 76	LEXI000000003325	Geert Grote
TDRA000000001329	LEIDEN, UB : LTK 297	LEXI000000003325	Geert Grote
TDRA000000005167	UTRECHT, MCC : BMH 165	LEXI000000003325	Geert Grote
TDRA000000007764	CAMBRIDGE, HUL : Dutch 13	LEXI000000003325	Geert Grote
TDRA000000007764	CAMBRIDGE, HUL : Dutch 13	LEXI000000003358	Gerlach Peters
TDRA000000007764	CAMBRIDGE, HUL : Dutch 13	LEXI000000003704	Jan van Ruusbroec
TDRA000000002436	WENEN, ONB : Series Nova 12869	LEXI000000008231	Godfried van den Briel
TDRA000000002436	WENEN, ONB : Series Nova 12869	LEXI000000003360	Hendrik Mande
TDRA000000002344	WENEN, ONB : 13655	LEXI000000004697	Olivier de Langhe
TDRA000000000553	ROTTERDAM, GB : 96 E 5	LEXI000000003325	Geert Grote
TDRA000000005417	STRAATSBURG, BNU : 73	LEXI000000020517	Conradus de Saxonia
TDRA000000004709	DARMSTADT, HLHB : 1964	LEXI000000003325	Geert Grote
TDRA000000004090	BRUSSEL, KB : II 2921	LEXI000000003325	Geert Grote
TDRA000000001856	BRUSSEL, KB : IV 937	LEXI000000003325	Geert Grote
TDRA000000008696	LONDEN, ORATORY : 12547	LEXI000000003325	Geert Grote
TDRA000000007406	STRÄNGNÄS, SB : Codex Batavum z.s.	LEXI000000004213	Nicolaas van Straatsburg
TDRA000000005991	SMITH (Karlshamm) : 2	LEXI000000003772	Henricus Suso
TDRA000000016090	ANTWERPEN, MPM : M. 336	LEXI000000023017	Costerius
TDRA000000004484	LONDEN, BL : Add. 11432	LEXI000000003325	Geert Grote
TDRA000000005956	LINKÖPING, SB : T 216	LEXI000000004327	Jan Brugman
TDRA000000011923	CHICAGO, NL : 56.1	LEXI000000005380	Henricus de Hassia
TDRA000000011923	CHICAGO, NL : 56.1	LEXI000000005391	Pierre d'Ailly
TDRA000000008296	HEIDELBERG, UB : Trübner 143	LEXI000000003325	Geert Grote
TDRA000000002036	BOEDAPEST, OSK : Holl. 6	LEXI000000003325	Geert Grote
TDRA000000002022	LEIDEN, UB : BPL 3055	LEXI000000003325	Geert Grote
TDRA000000002744	'S-HEERENBERG, HB : 4	LEXI000000003325	Geert Grote
TDRA000000004651	BREMEN, SUB : C 27	LEXI000000004213	Nicolaas van Straatsburg
TDRA000000001729	BRUSSEL, KB : IV 236	LEXI000000003325	Geert Grote
TDRA000000004094	BRUSSEL, KB : II 2946	LEXI000000003810	Jan van Leeuwen
TDRA000000004094	BRUSSEL, KB : II 2946	LEXI000000006282	Petrus Lupus
TDRA000000006126	MÜNSTER, UB : 779	LEXI000000003325	Geert Grote
TDRA000000002803	LEEUWARDEN, PBF : 690 Hs.	LEXI000000003325	Geert Grote
TDRA000000005163	UTRECHT, MCC : BMH 161	LEXI000000003325	Geert Grote
TDRA000000003063	BERLIJN, SBB-PK : Germ. Oct. 588	LEXI000000003325	Geert Grote
TDRA000000003671	BRUSSEL, KB : 2883	LEXI000000004431	Jan van Brederode
TDRA000000003671	BRUSSEL, KB : 2883	LEXI000000003704	Jan van Ruusbroec
TDRA000000003881	BRUSSEL, KB : 15085	LEXI000000003325	Geert Grote
TDRA000000008081	LEIDEN, UB : LTK 2074	LEXI000000003325	Geert Grote
TDRA000000003842	BRUSSEL, KB : 11798	LEXI000000004213	Nicolaas van Straatsburg
TDRA000000003315	'S-GRAVENHAGE, KB : 133 E 22	LEXI000000003325	Geert Grote
TDRA000000005994	Olim ELLIS (Londen) : 2	LEXI000000003325	Geert Grote
TDRA000000004452	OXFORD, BL : Marshall 119	LEXI000000003803	Godfried van Wevel
TDRA000000003329	'S-GRAVENHAGE, KB : 133 H 30	LEXI000000003772	Henricus Suso
TDRA000000005980	BURGSTEINFURT, FBS : B 41	LEXI000000003772	Henricus Suso
TDRA000000005799	PARIJS, BA : 8221	LEXI000000004213	Nicolaas van Straatsburg
TDRA000000002747	'S-HEERENBERG, HB : 7	LEXI000000003325	Geert Grote
TDRA000000007603	BOSTON, PL : q. Med. 33	LEXI000000003325	Geert Grote
TDRA000000009148	LOPPEM, BSJC : 85	LEXI000000005823	Otte van Orleien
TDRA000000007617	BRUGGE, GS : 383	LEXI000000004697	Olivier de Langhe
TDRA000000002586	ANTWERPEN, MPM : M. 14.12	LEXI000000003325	Geert Grote
TDRA000000003840	BRUSSEL, KB : 11796	LEXI000000003772	Henricus Suso
TDRA000000003840	BRUSSEL, KB : 11796	LEXI000000003326	Johannes Scutken
TDRA000000003698	BRUSSEL, KB : 3067-73	LEXI000000004090	Beatrijs van Nazareth
TDRA000000003698	BRUSSEL, KB : 3067-73	LEXI000000004218	Gheraert Appelmans
TDRA000000003698	BRUSSEL, KB : 3067-73	LEXI000000003704	Jan van Ruusbroec
TDRA000000003698	BRUSSEL, KB : 3067-73	LEXI000000003805	Meester Eckhart
TDRA000000003698	BRUSSEL, KB : 3067-73	LEXI000000004213	Nicolaas van Straatsburg
TDRA000000003698	BRUSSEL, KB : 3067-73	LEXI000000003316	bijbelvertaler van 1360
TDRA000000004134	BRUSSEL, KB : II 7556	LEXI000000003325	Geert Grote
TDRA000000002237	AMSTERDAM, UB : I G 29	LEXI000000004557	Heinrich von St. Gallen
TDRA000000013299	OLDENBURG, LB : Cim. I 77	LEXI000000003325	Geert Grote
TDRA000000004726	DARMSTADT, HLHB : 193	LEXI000000003772	Henricus Suso
TDRA000000005376	MÜNCHEN, BSB : Cgm 160	LEXI000000003325	Geert Grote
TDRA000000003539	'S-GRAVENHAGE, KB : 133 E 1	LEXI000000004327	Jan Brugman
TDRA000000009029	TONDEUR & SAUBERLICH (Leipzig) : Cat. 20 (1925) nr. 260	LEXI000000003325	Geert Grote
TDRA000000003510	'S-GRAVENHAGE, KB : 133 F 17	LEXI000000003781	Dirc van Delf
TDRA000000003510	'S-GRAVENHAGE, KB : 133 F 17	LEXI000000002374	Jacobus van Gruitrode
TDRA000000003510	'S-GRAVENHAGE, KB : 133 F 17	LEXI000000003704	Jan van Ruusbroec
TDRA000000011882	Olim SOTHEBY'S (Londen) : Cat. 1984-07-03, nr.89	LEXI000000003325	Geert Grote
TDRA000000006440	BRUSSEL, KB : 15659-61	LEXI000000003943	Augustijnken
TDRA000000006440	BRUSSEL, KB : 15659-61	LEXI000000003697	Jan van Boendale
TDRA000000006440	BRUSSEL, KB : 15659-61	LEXI000000003748	Willem van Hildegaersberch
TDRA000000002154	GREIFSWALD, UB : Theol. Oct. 8	LEXI000000003325	Geert Grote
TDRA000000005377	MÜNCHEN, BSB : Cgm 161	LEXI000000003325	Geert Grote
TDRA000000013267	EDINBURGH, NLS : Adv. 18 8 9	LEXI000000003348	Bernardus van Clairvaux
TDRA000000005363	MÜNCHEN, BSB : Cgm 83	LEXI000000021683	Lodewijk Hallincbrood
TDRA000000004733	DARMSTADT, HLHB : 978	LEXI000000003325	Geert Grote
TDRA000000005388	MÜNCHEN, BSB : Cgm 864	LEXI000000003772	Henricus Suso
TDRA000000003672	BRUSSEL, KB : 2905-09	LEXI000000003772	Henricus Suso
TDRA000000003672	BRUSSEL, KB : 2905-09	LEXI000000003704	Jan van Ruusbroec
TDRA000000003882	BRUSSEL, KB : 15087-90	LEXI000000003316	bijbelvertaler van 1360
TDRA000000005983	DE VRIES (Fribourg) : 2	LEXI000000003325	Geert Grote
TDRA000000005997	LUIK, BPAM : Section historique 6 L 31	LEXI000000003772	Henricus Suso
TDRA000000000186	GENT, UB : 1269	LEXI000000003316	bijbelvertaler van 1360
TDRA000000000192	GENT, UB : 1305	LEXI000000003772	Henricus Suso
TDRA000000000192	GENT, UB : 1305	LEXI000000004232	Johannes Tauler
TDRA000000000192	GENT, UB : 1305	LEXI000000003316	bijbelvertaler van 1360
TDRA000000009112	FULDA, LB : Aa 132	LEXI000000003325	Geert Grote
TDRA000000004634	KOPENHAGEN, KB : NKS 1031 Oct.	LEXI000000003325	Geert Grote
TDRA000000006745	'S-GRAVENHAGE, KB : 79 K 10	LEXI000000007069	Jan Moritoen (Brugge)
TDRA000000006745	'S-GRAVENHAGE, KB : 79 K 10	LEXI000000006760	Jan van Hulst
TDRA000000004973	UTRECHT, MCC : ABM 37	LEXI000000003326	Johannes Scutken
TDRA000000003952	BRUSSEL, KB : 19588	LEXI000000006325	Gilles de Wevel
TDRA000000003952	BRUSSEL, KB : 19588	LEXI000000002360	Jacob van Maerlant
TDRA000000007513	PROOST (Amsterdam) : 1	LEXI000000003325	Geert Grote
TDRA000000000526	TILBURG, UB : KHS 11	LEXI000000004817	Pseudo-Beda Venerabilis
TDRA000000003991	BRUSSEL, KB : 22012	LEXI000000008347	Anna Bijns
TDRA000000003991	BRUSSEL, KB : 22012	LEXI000000003492	Augustinus
TDRA000000003749	BRUSSEL, KB : 4603	LEXI000000003325	Geert Grote
TDRA000000003985	BRUSSEL, KB : 21951	LEXI000000008189	Francesco Petrarca
TDRA000000003588	'S-GRAVENHAGE, KB : 133 G 1	LEXI000000004232	Johannes Tauler
TDRA000000013764	BRUSSEL, KB : 5010	LEXI000000006721	Erasmus van Rotterdam
TDRA000000001374	LEIDEN, UB : LTK 348	LEXI000000003358	Gerlach Peters
TDRA000000001374	LEIDEN, UB : LTK 348	LEXI000000003704	Jan van Ruusbroec
TDRA000000001374	LEIDEN, UB : LTK 348	LEXI000000004817	Pseudo-Beda Venerabilis
TDRA000000002641	'S-GRAVENHAGE, KB : 135 E 18	LEXI000000003325	Geert Grote
TDRA000000007738	HEIDELBERG, UB : Trübner 141	LEXI000000003325	Geert Grote
TDRA000000001375	LEIDEN, UB : LTK 349	LEXI000000004213	Nicolaas van Straatsburg
TDRA000000005852	BOSTON, PL : q. Med. 172	LEXI000000003325	Geert Grote
TDRA000000000527	TILBURG, UB : KHS 12	LEXI000000003325	Geert Grote
TDRA000000003006	BERLIJN, SBB-PK : Germ. Oct. 8	LEXI000000003325	Geert Grote
TDRA000000004972	UTRECHT, MCC : ABM 36	LEXI000000003772	Henricus Suso
TDRA000000002244	AMSTERDAM, UB : I G 35	LEXI000000003360	Hendrik Mande
TDRA000000002244	AMSTERDAM, UB : I G 35	LEXI000000004327	Jan Brugman
TDRA000000002287	AMSTERDAM, UB : I G 53	LEXI000000003325	Geert Grote
TDRA000000015923	CAMBRIDGE, FM : 137	LEXI000000003325	Geert Grote
TDRA000000007880	GENT, UB : 901	LEXI000000008347	Anna Bijns
TDRA000000007880	GENT, UB : 901	LEXI000000007485	Anthonius Ghyselers
TDRA000000007880	GENT, UB : 901	LEXI000000004327	Jan Brugman
TDRA000000008225	ANTWERPEN, RG : s.o.	LEXI000000003704	Jan van Ruusbroec
TDRA000000002708	'S-GRAVENHAGE, KB : 72 J 8	LEXI000000003325	Geert Grote
TDRA000000002708	'S-GRAVENHAGE, KB : 72 J 8	LEXI000000003772	Henricus Suso
TDRA000000003364	'S-GRAVENHAGE, KB : 133 E 26	LEXI000000003772	Henricus Suso
TDRA000000015504	STUTTGART, WLB : Brev. 62	LEXI000000003474	Alanus van Rijsel
TDRA000000015504	STUTTGART, WLB : Brev. 62	LEXI000000003492	Augustinus
TDRA000000000479	UTRECHT, MCC : BMH 59	LEXI000000003325	Geert Grote
TDRA000000006034	KARLSRUHE, BLB : 1307	LEXI000000003325	Geert Grote
TDRA000000006020	WÜRZBURG, UB : M.ch.q. 144	LEXI000000003781	Dirc van Delf
TDRA000000006020	WÜRZBURG, UB : M.ch.q. 144	LEXI000000003704	Jan van Ruusbroec
TDRA000000006020	WÜRZBURG, UB : M.ch.q. 144	LEXI000000004416	Marquard von Lindau
TDRA000000001820	BRUSSEL, KB : IV 736	LEXI000000003772	Henricus Suso
TDRA000000003776	BRUSSEL, KB : 5620-25	LEXI000000021599	Gherijt Splinterszoen
TDRA000000003776	BRUSSEL, KB : 5620-25	LEXI000000021603	Meester Willem
TDRA000000003776	BRUSSEL, KB : 5620-25	LEXI000000021592	Meester Wolfs
TDRA000000003776	BRUSSEL, KB : 5620-25	LEXI000000021605	Pater Arijs
TDRA000000003776	BRUSSEL, KB : 5620-25	LEXI000000004114	broeder Aert
TDRA000000003986	BRUSSEL, KB : 21953	LEXI000000003562	Anselmus van Canterbury
TDRA000000003986	BRUSSEL, KB : 21953	LEXI000000003348	Bernardus van Clairvaux
TDRA000000003986	BRUSSEL, KB : 21953	LEXI000000003772	Henricus Suso
TDRA000000003986	BRUSSEL, KB : 21953	LEXI000000020494	Leo de Grote
TDRA000000000525	TILBURG, UB : KHS 10	LEXI000000003325	Geert Grote
TDRA000000002118	GRONINGEN, UB : 405	LEXI000000002360	Jacob van Maerlant
TDRA000000004540	LONDEN, BL : Egerton 677	LEXI000000003704	Jan van Ruusbroec
TDRA000000004024	BRUSSEL, KB : II 469	LEXI000000003810	Jan van Leeuwen
TDRA000000004024	BRUSSEL, KB : II 469	LEXI000000003704	Jan van Ruusbroec
TDRA000000004024	BRUSSEL, KB : II 469	LEXI000000003316	bijbelvertaler van 1360
TDRA000000001160	UTRECHT, UB : Cat. 1035	LEXI000000004074	Alijt Bake
TDRA000000001160	UTRECHT, UB : Cat. 1035	LEXI000000003704	Jan van Ruusbroec
TDRA000000001160	UTRECHT, UB : Cat. 1035	LEXI000000004232	Johannes Tauler
TDRA000000015667	Olim VAN VOORST (Amsterdam) : Cat. 1860, nr. 174	LEXI000000003492	Augustinus
TDRA000000007263	HEIDELBERG, UB : Salem VII 4d	LEXI000000004213	Nicolaas van Straatsburg
TDRA000000007263	HEIDELBERG, UB : Salem VII 4d	LEXI000000005823	Otte van Orleien
TDRA000000003763	BRUSSEL, KB : 4919	LEXI000000003772	Henricus Suso
TDRA000000004971	UTRECHT, MCC : ABM 35	LEXI000000003325	Geert Grote
TDRA000000002521	SINT-PETERSBURG, BSS : Goll. O.I, 2	LEXI000000003360	Hendrik Mande
TDRA000000004636	KOPENHAGEN, KB : Fabricius Oct. 96	LEXI000000004062	Hendrik Herp
TDRA000000004636	KOPENHAGEN, KB : Fabricius Oct. 96	LEXI000000003326	Johannes Scutken
TDRA000000006021	SPAAPEN (Zeist) : z.s.	LEXI000000003325	Geert Grote
TDRA000000000478	UTRECHT, MCC : BMH 58	LEXI000000003772	Henricus Suso
TDRA000000003617	BRUSSEL, KB : 837-45	LEXI000000021725	Chronogrammist
TDRA000000003617	BRUSSEL, KB : 837-45	LEXI000000003720	Heraut Beyeren quondam Gelre
TDRA000000003617	BRUSSEL, KB : 837-45	LEXI000000021384	Pieter den Brant
TDRA000000002284	AMSTERDAM, UB : I G 50	LEXI000000003325	Geert Grote
TDRA000000002284	AMSTERDAM, UB : I G 50	LEXI000000003772	Henricus Suso
TDRA000000002045	DRESDEN, SL : M 285	LEXI000000003325	Geert Grote
TDRA000000015505	STUTTGART, WLB : Brev. 70	LEXI000000004581	Alanus de Rupe
TDRA000000005716	KAAPSTAD, NLSA : Grey 3 a 16	LEXI000000003325	Geert Grote
TDRA000000009699	OXFORD, BL : Douce 110	LEXI000000004758	Ambrosius
TDRA000000009699	OXFORD, BL : Douce 110	LEXI000000003492	Augustinus
TDRA000000000483	UTRECHT, MCC : BMH 63	LEXI000000003325	Geert Grote
TDRA000000004626	KOPENHAGEN, KB : GKS 3422 Oct.	LEXI000000003772	Henricus Suso
TDRA000000002243	AMSTERDAM, UB : I G 34	LEXI000000003803	Godfried van Wevel
TDRA000000002243	AMSTERDAM, UB : I G 34	LEXI000000003360	Hendrik Mande
TDRA000000002243	AMSTERDAM, UB : I G 34	LEXI000000003704	Jan van Ruusbroec
TDRA000000002243	AMSTERDAM, UB : I G 34	LEXI000000004416	Marquard von Lindau
TDRA000000002243	AMSTERDAM, UB : I G 34	LEXI000000003316	bijbelvertaler van 1360
TDRA000000004632	KOPENHAGEN, KB : NKS 42 Oct.	LEXI000000003772	Henricus Suso
TDRA000000001819	BRUSSEL, KB : IV 707	LEXI000000003325	Geert Grote
TDRA000000004961	UTRECHT, MCC : ABM 25	LEXI000000003772	Henricus Suso
TDRA000000006145	SPANJAARD (Amsterdam) : z.s.	LEXI000000003325	Geert Grote
TDRA000000007515	LONDEN, GL : 1448	LEXI000000003772	Henricus Suso
TDRA000000008418	KAAPSTAD, NLSA : Omitted a 5	LEXI000000003325	Geert Grote
TDRA000000007716	Olim SIX VAN HILLEGOM (Amsterdam) : Cat. 1928 nr. 190	LEXI000000003325	Geert Grote
TDRA000000007716	Olim SIX VAN HILLEGOM (Amsterdam) : Cat. 1928 nr. 190	LEXI000000003772	Henricus Suso
TDRA000000001367	LEIDEN, UB : LTK 340	LEXI000000004062	Hendrik Herp
TDRA000000002108	GRONINGEN, UB : 220	LEXI000000003325	Geert Grote
TDRA000000000509	UTRECHT, MCC : BMH 110	LEXI000000003772	Henricus Suso
TDRA000000003028	BERLIJN, SBB-PK : Germ. Oct. 270	LEXI000000003325	Geert Grote
TDRA000000003982	BRUSSEL, KB : 21893	LEXI000000003325	Geert Grote
TDRA000000003982	BRUSSEL, KB : 21893	LEXI000000003772	Henricus Suso
TDRA000000006805	NIJMEGEN, UB : 322	LEXI000000003803	Godfried van Wevel
TDRA000000000290	GENT, UB : 2363	LEXI000000003325	Geert Grote
TDRA000000001777	BRUSSEL, KB : IV 432	LEXI000000003805	Meester Eckhart
TDRA000000013373	BRUGGE, BG : z.s.	LEXI000000008528	Rombout de Doppere
TDRA000000007460	Olim LE ROY DU VIVIER (Munsterbilsen) : z.s.	LEXI000000003772	Henricus Suso
TDRA000000000455	UTRECHT, MCC : BMH 43	LEXI000000003325	Geert Grote
TDRA000000004431	LONDEN, BL : Add. 39638	LEXI000000003772	Henricus Suso
TDRA000000005908	LEEDS, UL : Brotherton 24	LEXI000000003325	Geert Grote
TDRA000000005908	LEEDS, UL : Brotherton 24	LEXI000000003326	Johannes Scutken
TDRA000000004380	LONDEN, BL : Add. 17524	LEXI000000003325	Geert Grote
TDRA000000005088	KEULEN, HA : GB Oct. 55	LEXI000000003358	Gerlach Peters
TDRA000000005088	KEULEN, HA : GB Oct. 55	LEXI000000003803	Godfried van Wevel
TDRA000000005088	KEULEN, HA : GB Oct. 55	LEXI000000003704	Jan van Ruusbroec
TDRA000000003360	'S-GRAVENHAGE, KB : 133 E 29	LEXI000000003325	Geert Grote
TDRA000000001205	UTRECHT, UB : Cat. 1691	LEXI000000003360	Hendrik Mande
TDRA000000001205	UTRECHT, UB : Cat. 1691	LEXI000000003772	Henricus Suso
TDRA000000001205	UTRECHT, UB : Cat. 1691	LEXI000000003704	Jan van Ruusbroec
TDRA000000002283	AMSTERDAM, UB : I G 15	LEXI000000003325	Geert Grote
TDRA000000001991	LEIDEN, UB : BPL 2627	LEXI000000006760	Jan van Hulst
TDRA000000002240	AMSTERDAM, UB : I G 32	LEXI000000003704	Jan van Ruusbroec
TDRA000000004143	BRUSSEL, KB : IV 113	LEXI000000003325	Geert Grote
TDRA000000002268	AMSTERDAM, UB : I G 25	LEXI000000004327	Jan Brugman
TDRA000000002268	AMSTERDAM, UB : I G 25	LEXI000000003805	Meester Eckhart
TDRA000000002268	AMSTERDAM, UB : I G 25	LEXI000000004209	Rulman Merswin
TDRA000000008802	BRUGGE, SB : 673	LEXI000000003325	Geert Grote
TDRA000000008802	BRUGGE, SB : 673	LEXI000000003786	Ludolf van Saksen
TDRA000000004962	UTRECHT, MCC : ABM 26	LEXI000000003325	Geert Grote
TDRA000000002320	ZWOLLE, HCO : Emmanuelshuizen 13	LEXI000000003803	Godfried van Wevel
TDRA000000002320	ZWOLLE, HCO : Emmanuelshuizen 13	LEXI000000003360	Hendrik Mande
TDRA000000002320	ZWOLLE, HCO : Emmanuelshuizen 13	LEXI000000003772	Henricus Suso
TDRA000000002320	ZWOLLE, HCO : Emmanuelshuizen 13	LEXI000000004232	Johannes Tauler
TDRA000000002320	ZWOLLE, HCO : Emmanuelshuizen 13	LEXI000000004416	Marquard von Lindau
TDRA000000002320	ZWOLLE, HCO : Emmanuelshuizen 13	LEXI000000004213	Nicolaas van Straatsburg
TDRA000000002693	'S-GRAVENHAGE, KB : 71 H 57	LEXI000000003326	Johannes Scutken
TDRA000000006422	Olim VAN ZUYLEN (Brugge) : z.s.	LEXI000000003325	Geert Grote
TDRA000000006422	Olim VAN ZUYLEN (Brugge) : z.s.	LEXI000000003772	Henricus Suso
TDRA000000003229	'S-GRAVENHAGE, KB : 133 G 29	LEXI000000003325	Geert Grote
TDRA000000003229	'S-GRAVENHAGE, KB : 133 G 29	LEXI000000003326	Johannes Scutken
TDRA000000005658	BRUGGE, SB : 319	LEXI000000022244	N. K.
TDRA000000007259	LÜBECK, SB : Theol. Germ. 64	LEXI000000003704	Jan van Ruusbroec
TDRA000000004744	DARMSTADT, HLHB : 1889	LEXI000000003772	Henricus Suso
TDRA000000002269	AMSTERDAM, UB : I G 28	LEXI000000003358	Gerlach Peters
TDRA000000002269	AMSTERDAM, UB : I G 28	LEXI000000003360	Hendrik Mande
TDRA000000002269	AMSTERDAM, UB : I G 28	LEXI000000003772	Henricus Suso
TDRA000000001774	BRUSSEL, KB : IV 421	LEXI000000003325	Geert Grote
TDRA000000001774	BRUSSEL, KB : IV 421	LEXI000000003358	Gerlach Peters
TDRA000000001774	BRUSSEL, KB : IV 421	LEXI000000003704	Jan van Ruusbroec
TDRA000000000456	UTRECHT, MCC : BMH 44	LEXI000000003325	Geert Grote
TDRA000000000481	UTRECHT, MCC : BMH 61	LEXI000000003772	Henricus Suso
TDRA000000003822	BRUSSEL, KB : 11171	LEXI000000003772	Henricus Suso
TDRA000000003822	BRUSSEL, KB : 11171	LEXI000000003704	Jan van Ruusbroec
TDRA000000000495	UTRECHT, MCC : BMH 96	LEXI000000021622	Simon van Venlo
TDRA000000003375	'S-GRAVENHAGE, KB : 74 J 57	LEXI000000003772	Henricus Suso
TDRA000000006225	Olim LEUVEN, UB : s.o. (verloren)	LEXI000000020606	Godfried Stryroy
TDRA000000002043	DRESDEN, SL : M 254	LEXI000000003325	Geert Grote
TDRA000000000867	LEIDEN, UB : LTK 226	LEXI000000003326	Johannes Scutken
TDRA000000004383	LONDEN, BL : Add. 18214	LEXI000000003325	Geert Grote
